-- phpMyAdmin SQL Dump
-- version 5.0.2
-- https://www.phpmyadmin.net/
--
-- Hôte : 127.0.0.1:3306
-- Généré le : Dim 07 mars 2021 à 18:28
-- Version du serveur :  5.7.31
-- Version de PHP : 7.3.21

SET SQL_MODE = "NO_AUTO_VALUE_ON_ZERO";
START TRANSACTION;
SET time_zone = "+00:00";


/*!40101 SET @OLD_CHARACTER_SET_CLIENT=@@CHARACTER_SET_CLIENT */;
/*!40101 SET @OLD_CHARACTER_SET_RESULTS=@@CHARACTER_SET_RESULTS */;
/*!40101 SET @OLD_COLLATION_CONNECTION=@@COLLATION_CONNECTION */;
/*!40101 SET NAMES utf8mb4 */;

--
-- Base de données : `villagegreen`
--

-- --------------------------------------------------------

--
-- Structure de la table `categorietva`
--

DROP TABLE IF EXISTS `categorietva`;
CREATE TABLE IF NOT EXISTS `categorietva` (
  `id` int(11) NOT NULL AUTO_INCREMENT,
  `categorietva_coefficient` decimal(4,2) NOT NULL,
  `categorietva_nom` varchar(50) COLLATE utf8mb4_unicode_ci DEFAULT NULL,
  PRIMARY KEY (`id`)
) ENGINE=InnoDB AUTO_INCREMENT=5 DEFAULT CHARSET=utf8mb4 COLLATE=utf8mb4_unicode_ci;

--
-- Déchargement des données de la table `categorietva`
--

INSERT INTO `categorietva` (`id`, `categorietva_coefficient`, `categorietva_nom`) VALUES
(1, '0.20', 'Particuliers'),
(2, '0.10', 'Professionnels');

-- --------------------------------------------------------

--
-- Structure de la table `customers`
--

DROP TABLE IF EXISTS `customers`;
CREATE TABLE IF NOT EXISTS `customers` (
  `id` int(11) NOT NULL AUTO_INCREMENT,
  `customers_name` varchar(50) COLLATE utf8mb4_unicode_ci NOT NULL,
  `customers_address` varchar(255) COLLATE utf8mb4_unicode_ci DEFAULT NULL,
  `customers_zipcode` varchar(10) COLLATE utf8mb4_unicode_ci DEFAULT NULL,
  `customers_city` varchar(50) COLLATE utf8mb4_unicode_ci DEFAULT NULL,
  `customers_phone` varchar(50) COLLATE utf8mb4_unicode_ci DEFAULT NULL,
  `employee_id` int(11) DEFAULT NULL,
  `categorietva_id` int(11) DEFAULT NULL,
  PRIMARY KEY (`id`),
  KEY `IDX_62534E218C03F15C` (`employee_id`),
  KEY `IDX_62534E2132397613` (`categorietva_id`)
) ENGINE=InnoDB AUTO_INCREMENT=211 DEFAULT CHARSET=utf8mb4 COLLATE=utf8mb4_unicode_ci;

--
-- Déchargement des données de la table `customers`
--

INSERT INTO `customers` (`id`, `customers_name`, `customers_address`, `customers_zipcode`, `customers_city`, `customers_phone`, `employee_id`, `categorietva_id`) VALUES
(1, 'Émilie Blondel-Pons', '4, impasse Jules Jacquet', '00 224', 'Alves', '0813356450', 2, 1),
(2, 'Honoré Delattre', '863, avenue de Legros', '31349', 'Bouvier', '+33 7 69 83 38 23', 2, 1),
(3, 'Marthe De Sousa', '51, avenue Capucine Riviere', '16 055', 'Maillet-les-Bains', '03 24 80 52 60', 2, 1),
(4, 'Eugène-Guillaume Da Silva', '86, boulevard Grégoire Mary', '03941', 'Mathieu-sur-Vallet', '+33 6 61 63 24 96', 2, 1),
(5, 'Hugues Hernandez', 'rue Pierre Bourdon', '38972', 'Delorme', '+33 (0)6 85 36 27 58', 2, 1),
(6, 'Émilie Gauthier', '85, chemin Benoit', '18 165', 'Weber', '0522357626', 2, 1),
(7, 'Laetitia Marion', '727, place Martin Guillou', '48 524', 'Mariedan', '08 95 88 67 94', 2, 1),
(8, 'Aurélie Marechal', '70, place Michaud', '58 819', 'Lagarde', '+33 2 71 31 99 34', 2, 1),
(9, 'Grégoire Guichard', 'boulevard de Allard', '80562', 'Michel', '0656930705', 1, 1),
(10, 'Rémy Hardy', '53, rue Patrick Descamps', '32587', 'Renaud', '+33 (0)1 14 29 41 28', 1, 1),
(11, 'Roland Germain', '963, chemin Patrick Faivre', '56961', 'Blanchard-sur-Garcia', '+33 (0)8 04 50 04 71', 1, 1),
(12, 'Stéphanie du Bouvet', '36, boulevard Michel Andre', '10 318', 'Parent-les-Bains', '+33 1 15 87 69 40', 1, 1),
(13, 'Renée Petit', 'rue de Gallet', '92 814', 'DanielBourg', '01 19 91 19 09', 1, 1),
(14, 'Corinne Clement', 'rue Guillet', '67273', 'Fournierdan', '+33 (0)9 83 11 28 91', 1, 1),
(15, 'Margot Guillaume', '8, chemin Roger Barre', '11 004', 'Ribeiro', '0216118507', 1, 1),
(16, 'Marc Auger', '640, rue Luc Imbert', '34837', 'VoisinBourg', '+33 1 31 92 21 39', 1, 1),
(17, 'Zacharie Buisson', '158, rue de Delannoy', '63390', 'Garnier-la-Forêt', '03 77 93 82 49', 3, 1),
(18, 'Jérôme Dumont-Thibault', '173, rue Barbier', '29 015', 'BernierVille', '+33 1 75 55 70 32', 3, 1),
(19, 'Jules-Thibaut Voisin', '275, place Chantal Dumont', '44479', 'Barbier-sur-Faure', '05 89 62 61 99', 3, 1),
(20, 'Arnaude Cordier-Legrand', 'impasse Martin Courtois', '37738', 'Bertrand-sur-Laporte', '+33 9 83 14 38 50', 3, 1),
(21, 'René-Thierry De Sousa', '472, place Daniel Cousin', '61 861', 'Francois', '05 05 28 36 11', 3, 1),
(22, 'Stéphane Mercier', '81, chemin de Dumas', '48 092', 'Peltier-sur-Dumont', '+33 5 46 87 46 91', 3, 1),
(23, 'Alfred Maurice', '8, boulevard de Garnier', '26859', 'Antoine-sur-Deschamps', '0437165370', 3, 1),
(24, 'Claudine Guillou', '79, rue Dorothée Lelievre', '74864', 'Meunier', '+33 1 92 00 29 42', 3, 1),
(25, 'Camille Bourgeois-Renard', '9, place Gerard', '04 784', 'Bernard-sur-Neveu', '+33 (0)1 06 17 70 04', 1, 1),
(26, 'Valérie Hamel', '855, chemin Raymond', '74729', 'Chretien', '+33 (0)4 99 73 63 27', 1, 1),
(27, 'Daniel Dumas', '99, chemin de Andre', '58086', 'Hoareau', '01 48 69 36 38', 1, 1),
(28, 'Thomas Rodrigues', '54, boulevard de Bertrand', '13554', 'LaurentVille', '+33 (0)1 31 00 23 63', 1, 1),
(29, 'Eugène-Thierry Michaud', '50, chemin de Valentin', '49 522', 'Clement-sur-Colas', '05 45 15 64 60', 1, 1),
(30, 'Georges Duhamel', '776, boulevard Delattre', '34 567', 'Monnier', '0817225809', 1, 1),
(31, 'Guy de Carlier', '92, rue Frédérique Blot', '98 853', 'DiasVille', '+33 (0)9 28 03 26 44', 1, 1),
(32, 'Éric Lebon', '135, chemin Alexandrie Morvan', '83 824', 'Pruvost', '+33 (0)4 52 04 21 67', 1, 1),
(33, 'Célina Jacquot', '989, rue Perrin', '45 089', 'Maillard', '09 55 75 50 88', 2, 1),
(34, 'Margot Lagarde', '26, avenue de Pereira', '93926', 'Pons', '+33 (0)3 83 96 43 10', 2, 1),
(35, 'Emmanuel Herve', '81, rue Levy', '80 685', 'Masse', '+33 7 54 37 56 66', 2, 1),
(36, 'Nath de la Meunier', '2, rue de Remy', '90 024', 'Gregoire-sur-Riviere', '01 66 88 60 04', 2, 1),
(37, 'William du Thomas', '98, boulevard de Lacombe', '92 217', 'Lefevre', '0377850032', 2, 1),
(38, 'André-Thibaut Daniel', '4, impasse Rossi', '76512', 'Bertrand', '0161848476', 2, 1),
(39, 'Guy Bazin', '89, chemin de Adam', '67 321', 'Henry', '+33 (0)7 87 65 92 43', 2, 1),
(40, 'Étienne Allain', 'chemin de Begue', '69 815', 'Renauddan', '+33 7 97 93 56 33', 2, 1),
(41, 'Guy Baron', '18, place Nathalie Bouvier', '50592', 'Marchand', '0898968156', 3, 1),
(42, 'Élodie Bourgeois', '26, boulevard Brunel', '90271', 'Cordier', '+33 2 55 71 96 12', 3, 1),
(43, 'Marine-Frédérique Navarro', '23, boulevard de Pereira', '90 774', 'Ribeiro', '02 25 99 62 79', 3, 1),
(44, 'Édith Baron', '62, rue de Boulay', '80 175', 'Chretien', '0167640569', 3, 1),
(45, 'Anastasie-Agnès Sauvage', '771, boulevard Leroux', '03792', 'Ramos', '+33 1 83 52 26 25', 3, 1),
(46, 'Georges Remy', 'impasse Corinne Gaudin', '98 438', 'Robin', '07 37 53 26 21', 3, 1),
(47, 'Alexandrie Le Levy', 'chemin de Gay', '28 021', 'Andre', '+33 (0)2 44 65 93 15', 3, 1),
(48, 'Corinne Carre', '78, rue de Maury', '02097', 'PayetVille', '+33 (0)5 17 13 27 73', 3, 1),
(49, 'Clémence Caron', '64, impasse Georges Gay', '36569', 'Chauvet', '+33 (0)5 13 47 57 67', 1, 1),
(50, 'Jules Pichon', 'chemin Ledoux', '55 103', 'Blot', '+33 (0)5 31 02 68 58', 1, 1),
(51, 'Anaïs-Sophie Mace', '653, rue Agathe Auger', '15 939', 'Pottier', '09 50 17 06 50', 1, 1),
(52, 'Emmanuel Rousseau', '17, impasse Lenoir', '53 176', 'Nicolas-sur-Deschamps', '+33 (0)7 58 41 82 85', 1, 1),
(53, 'Étienne Couturier', '48, rue Isabelle Roussel', '26966', 'GrenierVille', '01 24 92 36 19', 1, 1),
(54, 'Gilbert Delmas', '998, chemin Faivre', '08 719', 'Goncalvesdan', '+33 5 28 59 78 86', 1, 1),
(55, 'Richard Ledoux', '805, chemin Marc Rodriguez', '05339', 'Fournier', '+33 (0)9 49 31 46 74', 1, 1),
(56, 'Louis Le Goff', 'boulevard de Parent', '46860', 'Guyonboeuf', '08 17 95 69 61', 1, 1),
(57, 'Véronique-Jeannine Andre', 'rue de Poulain', '76 530', 'Lopesnec', '+33 7 37 91 51 49', 2, 1),
(58, 'Alphonse Gilles-Marchal', '90, boulevard de Charles', '60 673', 'Jourdan', '+33 3 62 21 12 03', 2, 1),
(59, 'Auguste Mallet', '9, chemin Alix Herve', '58 423', 'Fleury', '0377784119', 2, 1),
(60, 'Claude Rodrigues-Cordier', '8, place Gaillard', '10 313', 'Moreno-les-Bains', '0145115844', 2, 1),
(61, 'Diane-Lucie Bonnet', '2, rue Yves Didier', '37573', 'MaheBourg', '+33 9 70 00 56 26', 2, 1),
(62, 'Lucy Lebrun', '27, avenue de Tanguy', '75931', 'Perrot', '0895017545', 2, 1),
(63, 'Philippine Delaunay', 'chemin de Hoarau', '65 106', 'Laine-sur-Mer', '02 77 71 65 68', 2, 1),
(64, 'Gabriel Blin', '187, boulevard de Lesage', '76111', 'Raynaud', '0824111689', 2, 1),
(65, 'Yves Joubert', '36, rue Victoire Wagner', '13 458', 'Gregoire', '+33 6 41 65 23 25', 3, 1),
(66, 'Alice-Lucy Leconte', '59, avenue Dos Santos', '14 535', 'Lenoir', '0891827415', 3, 1),
(67, 'Hortense de Letellier', '543, impasse de Baron', '49349', 'Faivre', '+33 3 07 99 31 98', 3, 1),
(68, 'Thomas Le Hubert', '124, avenue Carpentier', '65 046', 'Gomes-la-Forêt', '+33 3 74 99 98 11', 3, 1),
(69, 'Gabrielle-Astrid Delannoy', '48, rue Gaillard', '22 560', 'Lefortnec', '04 61 14 66 63', 3, 1),
(70, 'Thibault Martineau', '1, rue Prevost', '75 163', 'MichaudVille', '+33 (0)1 13 92 12 94', 3, 1),
(71, 'Jacqueline Grenier-Besnard', '7, chemin Nicolas Hernandez', '09 098', 'Bourdon-sur-Francois', '+33 4 67 01 49 02', 3, 1),
(72, 'Michelle Masse', 'avenue Benoît Simon', '70 297', 'Hamon', '+33 6 64 26 27 43', 3, 1),
(73, 'Colette Vidal-Torres', '68, place Bertin', '67329', 'Da Silva-sur-Leduc', '+33 (0)3 23 53 48 01', 1, 1),
(74, 'Théophile Gregoire', '69, rue Olivier Letellier', '06983', 'Ferrand-sur-Baron', '+33 4 07 21 94 49', 1, 1),
(75, 'Capucine Da Costa', '6, boulevard de Legrand', '03 325', 'Petitjean', '01 30 02 75 99', 2, 1),
(76, 'Alix Laporte', '2, rue Fouquet', '08408', 'Leconteboeuf', '+33 (0)1 01 22 86 22', 2, 1),
(77, 'Benoît Breton', 'place Thibault Descamps', '90 938', 'TessierBourg', '+33 (0)5 18 68 35 18', 3, 1),
(78, 'Arthur du De Sousa', '75, boulevard de Grondin', '96743', 'Dumont-sur-Robert', '01 55 49 87 74', 3, 1),
(79, 'Josette Le Delaunay', '95, rue de Boyer', '95542', 'Descamps-les-Bains', '05 51 65 98 84', 1, 1),
(80, 'Théophile-Timothée Bertin', '72, chemin Roussel', '11 700', 'Charpentier', '04 57 67 38 20', 1, 1),
(81, 'Caroline Gillet', '71, boulevard Éric Poirier', '02 731', 'Bigot', '08 04 88 82 06', 2, 1),
(82, 'Emmanuel Rodrigues', '65, rue de Morin', '92918', 'Bernier-les-Bains', '09 28 08 31 10', 2, 1),
(83, 'Pauline du Fabre', '26, rue Valérie Lejeune', '41 812', 'Dubois', '0462375059', 3, 1),
(84, 'Thomas Bouchet', '54, avenue Théodore Picard', '66 044', 'Lebonnec', '+33 (0)1 15 12 94 97', 3, 1),
(85, 'Léon Bailly', '3, rue Allain', '46 143', 'Faure-sur-Mer', '08 01 60 13 14', 1, 1),
(86, 'Charles Dupuis', '45, rue Antoinette Gimenez', '55364', 'LeleuVille', '01 82 55 53 44', 1, 1),
(87, 'Véronique Giraud', 'place William Morel', '88 295', 'Raynaudboeuf', '0448150965', 2, 1),
(88, 'Colette Humbert', '9, chemin de Marion', '71 779', 'Riviere', '+33 4 39 36 57 09', 2, 1),
(89, 'Marine-Nicole Perret', 'avenue de Germain', '27 429', 'Da Costa', '+33 (0)6 08 87 63 56', 3, 1),
(90, 'Lucie Lebreton', '735, rue de Prevost', '29 160', 'Ramos', '0401703029', 3, 1),
(91, 'Claire du Morel', 'place de Vincent', '61 498', 'Picard', '0945987839', 1, 1),
(92, 'Nicolas Verdier', '272, rue Anastasie Lefevre', '25 193', 'Seguin', '02 63 43 91 91', 1, 1),
(93, 'Paul Pascal-Prevost', '24, chemin Mendes', '93538', 'Picard', '+33 5 43 67 63 42', 2, 1),
(94, 'Valentine Perez', '58, rue Denis Delmas', '58 050', 'Laine', '+33 2 68 87 12 37', 2, 1),
(95, 'Margot Toussaint', '31, place Guichard', '64357', 'Delahaye', '0691549529', 3, 1),
(96, 'Éric-Gabriel Becker', '743, impasse de Gilbert', '62 883', 'GuillaumeBourg', '+33 (0)7 45 68 86 01', 3, 1),
(97, 'Julie Hamel', '1, boulevard Camille Moreau', '07636', 'Ferrand-sur-Parent', '+33 (0)5 27 15 25 38', 1, 1),
(98, 'Camille-Nicole Wagner', '19, rue de Marin', '15988', 'Lemoine', '01 27 98 22 60', 1, 1),
(99, 'Marcel Joseph', '134, boulevard de Gauthier', '95 581', 'Maurice', '05 04 87 84 06', 2, 1),
(100, 'Mathilde Diallo-Guillou', '8, chemin Patricia Pons', '30255', 'Samson', '0455427238', 2, 1),
(101, 'Jeannine Toussaint', '28, boulevard de Dumas', '41625', 'Costanec', '0148894925', 3, 1),
(102, 'Véronique Begue', '91, avenue de Poulain', '32 515', 'BarreBourg', '+33 9 86 23 95 42', 3, 1),
(105, 'Lina Bengrine', 'test', '11111', 'test', 'test', 4, 1),
(106, 'John Green', 'test', '55555', 'test', '12345678', 5, 1),
(107, 'Isabelle Dupond', '14 rue du chateau', '80000', 'AMIENS', '0322220992', 6, 1),
(108, 'Caroline Potelle', '45 rue Abracadabra', '22200', 'Soissons', '0123456789', 5, 1);

-- --------------------------------------------------------

--
-- Structure de la table `delivery`
--

DROP TABLE IF EXISTS `delivery`;
CREATE TABLE IF NOT EXISTS `delivery` (
  `id` int(11) NOT NULL AUTO_INCREMENT,
  `delivery_date` datetime DEFAULT NULL,
  `delivery_quantity` decimal(6,2) DEFAULT NULL,
  `orderdetail_id` int(11) DEFAULT NULL,
  `customers_id` int(11) DEFAULT NULL,
  PRIMARY KEY (`id`),
  KEY `IDX_3781EC1017E8A46A` (`orderdetail_id`),
  KEY `IDX_3781EC10C3568B40` (`customers_id`)
) ENGINE=InnoDB DEFAULT CHARSET=utf8mb4 COLLATE=utf8mb4_unicode_ci;

-- --------------------------------------------------------

--
-- Structure de la table `doctrine_migration_versions`
--

DROP TABLE IF EXISTS `doctrine_migration_versions`;
CREATE TABLE IF NOT EXISTS `doctrine_migration_versions` (
  `version` varchar(191) COLLATE utf8_unicode_ci NOT NULL,
  `executed_at` datetime DEFAULT NULL,
  `execution_time` int(11) DEFAULT NULL,
  PRIMARY KEY (`version`)
) ENGINE=InnoDB DEFAULT CHARSET=utf8 COLLATE=utf8_unicode_ci;

--
-- Déchargement des données de la table `doctrine_migration_versions`
--

INSERT INTO `doctrine_migration_versions` (`version`, `executed_at`, `execution_time`) VALUES
('DoctrineMigrations\\Version20201027090914', '2021-02-02 10:31:34', 142),
('DoctrineMigrations\\Version20201027091509', '2021-02-02 10:31:34', 71),
('DoctrineMigrations\\Version20201027092317', '2021-02-02 10:31:34', 44),
('DoctrineMigrations\\Version20201027092607', '2021-02-02 10:31:34', 45),
('DoctrineMigrations\\Version20201027093343', '2021-02-02 10:31:34', 46),
('DoctrineMigrations\\Version20201027094201', '2021-02-02 10:31:34', 48),
('DoctrineMigrations\\Version20201027100130', '2021-02-02 10:31:34', 48),
('DoctrineMigrations\\Version20201027102037', '2021-02-02 10:31:34', 47),
('DoctrineMigrations\\Version20201027102413', '2021-02-02 10:31:34', 38),
('DoctrineMigrations\\Version20201027102840', '2021-02-02 10:31:34', 48),
('DoctrineMigrations\\Version20201027113851', '2021-02-02 10:31:34', 246),
('DoctrineMigrations\\Version20201027123206', '2021-02-02 10:31:35', 344),
('DoctrineMigrations\\Version20201027123948', '2021-02-02 10:31:35', 239),
('DoctrineMigrations\\Version20201027131221', '2021-02-02 10:31:35', 455),
('DoctrineMigrations\\Version20201027132642', '2021-02-02 10:31:36', 473),
('DoctrineMigrations\\Version20201027140602', '2021-02-02 10:31:36', 70),
('DoctrineMigrations\\Version20201027141212', '2021-02-02 10:31:36', 469),
('DoctrineMigrations\\Version20201027142314', '2021-02-02 10:31:37', 315),
('DoctrineMigrations\\Version20201027142939', '2021-02-02 10:31:37', 298),
('DoctrineMigrations\\Version20201102135526', '2021-02-02 10:31:37', 28),
('DoctrineMigrations\\Version20201103180606', '2021-02-02 10:31:38', 1110),
('DoctrineMigrations\\Version20201113152426', '2021-02-22 11:55:47', 917);

-- --------------------------------------------------------

--
-- Structure de la table `employee`
--

DROP TABLE IF EXISTS `employee`;
CREATE TABLE IF NOT EXISTS `employee` (
  `id` int(11) NOT NULL AUTO_INCREMENT,
  `employee_name` varchar(50) COLLATE utf8mb4_unicode_ci NOT NULL,
  PRIMARY KEY (`id`)
) ENGINE=InnoDB AUTO_INCREMENT=7 DEFAULT CHARSET=utf8mb4 COLLATE=utf8mb4_unicode_ci;

--
-- Déchargement des données de la table `employee`
--

INSERT INTO `employee` (`id`, `employee_name`) VALUES
(1, 'Alexandre de Briand'),
(2, 'Amélie Bruneau-Cordier'),
(3, 'Léon Lesage'),
(4, 'Alexandre-Grégoire Fischer'),
(5, 'Christiane Delaunay'),
(6, 'Adrienne Diaz');

-- --------------------------------------------------------

--
-- Structure de la table `orderdetail`
--

DROP TABLE IF EXISTS `orderdetail`;
CREATE TABLE IF NOT EXISTS `orderdetail` (
  `id` int(11) NOT NULL AUTO_INCREMENT,
  `orderdetail_price` decimal(8,2) DEFAULT NULL,
  `orderdetail_quantity` decimal(4,2) NOT NULL,
  `totalorder_id` int(11) NOT NULL,
  `products_id` int(11) NOT NULL,
  PRIMARY KEY (`id`),
  KEY `IDX_27A0E7F2DCB2D37` (`totalorder_id`),
  KEY `IDX_27A0E7F26C8A81A9` (`products_id`)
) ENGINE=InnoDB AUTO_INCREMENT=2307 DEFAULT CHARSET=utf8mb4 COLLATE=utf8mb4_unicode_ci;

--
-- Déchargement des données de la table `orderdetail`
--

INSERT INTO `orderdetail` (`id`, `orderdetail_price`, `orderdetail_quantity`, `totalorder_id`, `products_id`) VALUES
(1, '499.99', '1.00', 1, 1),
(2, '844.00', '3.00', 1, 1),
(3, '768.00', '5.00', 1, 1),
(4, '199.99', '1.00', 2, 1),
(5, '199.99', '1.00', 2, 1),
(6, '199.99', '1.00', 2, 1),
(7, '199.99', '1.00', 3, 1),
(8, '199.99', '1.00', 3, 1),
(9, '199.99', '1.00', 3, 1),
(10, '199.99', '1.00', 4, 1),
(11, '199.99', '1.00', 4, 1),
(12, '199.99', '1.00', 4, 1),
(13, '199.99', '1.00', 5, 1),
(14, '199.99', '1.00', 5, 1),
(15, '199.99', '1.00', 5, 1),
(16, '199.99', '1.00', 6, 1),
(17, '199.99', '1.00', 6, 1),
(18, '199.99', '1.00', 6, 1),
(19, '199.99', '1.00', 7, 1),
(20, '199.99', '1.00', 7, 1),
(21, '199.99', '1.00', 7, 1),
(22, '199.99', '1.00', 8, 1),
(23, '199.99', '1.00', 8, 1),
(24, '199.99', '1.00', 8, 1),
(25, '199.99', '1.00', 9, 1),
(26, '199.99', '1.00', 9, 1),
(27, '199.99', '1.00', 9, 1),
(28, '199.99', '1.00', 10, 1),
(29, '199.99', '1.00', 10, 1),
(30, '199.99', '1.00', 10, 1),
(31, '499.99', '1.00', 11, 2),
(32, '399.99', '2.00', 11, 2),
(33, '399.99', '2.00', 11, 2),
(34, '199.99', '1.00', 12, 2),
(35, '199.99', '1.00', 12, 2),
(36, '199.99', '1.00', 12, 2),
(37, '199.99', '1.00', 13, 2),
(38, '199.99', '1.00', 13, 2),
(39, '199.99', '1.00', 13, 2),
(40, '199.99', '1.00', 14, 2),
(41, '199.99', '1.00', 14, 2),
(42, '199.99', '1.00', 14, 2),
(43, '199.99', '1.00', 15, 2),
(44, '199.99', '1.00', 15, 2),
(45, '199.99', '1.00', 15, 2),
(46, '199.99', '1.00', 16, 2),
(47, '199.99', '1.00', 16, 2),
(48, '199.99', '1.00', 16, 2),
(49, '199.99', '1.00', 17, 2),
(50, '199.99', '1.00', 17, 2),
(51, '199.99', '1.00', 17, 2),
(52, '199.99', '1.00', 18, 2),
(53, '199.99', '1.00', 18, 2),
(54, '199.99', '1.00', 18, 2),
(55, '199.99', '1.00', 19, 2),
(56, '199.99', '1.00', 19, 2),
(57, '199.99', '1.00', 19, 2),
(58, '199.99', '1.00', 20, 2),
(59, '199.99', '1.00', 20, 2),
(60, '199.99', '1.00', 20, 2),
(61, '499.99', '1.00', 21, 3),
(62, '399.99', '2.00', 21, 3),
(63, '399.99', '2.00', 21, 3),
(64, '199.99', '1.00', 22, 3),
(65, '199.99', '1.00', 22, 3),
(66, '199.99', '1.00', 22, 3),
(67, '199.99', '1.00', 23, 3),
(68, '199.99', '1.00', 23, 3),
(69, '199.99', '1.00', 23, 3),
(70, '199.99', '1.00', 24, 3),
(71, '199.99', '1.00', 24, 3),
(72, '199.99', '1.00', 24, 3),
(73, '199.99', '1.00', 25, 3),
(74, '199.99', '1.00', 25, 3),
(75, '199.99', '1.00', 25, 3),
(76, '199.99', '1.00', 26, 3),
(77, '199.99', '1.00', 26, 3),
(78, '199.99', '1.00', 26, 3),
(79, '199.99', '1.00', 27, 3),
(80, '199.99', '1.00', 27, 3),
(81, '199.99', '1.00', 27, 3),
(82, '199.99', '1.00', 28, 3),
(83, '199.99', '1.00', 28, 3),
(84, '199.99', '1.00', 28, 3),
(85, '199.99', '1.00', 29, 3),
(86, '199.99', '1.00', 29, 3),
(87, '199.99', '1.00', 29, 3),
(88, '199.99', '1.00', 30, 3),
(89, '199.99', '1.00', 30, 3),
(90, '199.99', '1.00', 30, 3),
(91, '499.99', '1.00', 31, 4),
(92, '399.99', '2.00', 11, 4),
(93, '399.99', '2.00', 11, 4),
(94, '199.99', '1.00', 12, 4),
(95, '199.99', '1.00', 12, 4),
(96, '199.99', '1.00', 12, 4),
(97, '199.99', '1.00', 13, 4),
(98, '199.99', '1.00', 13, 4),
(99, '199.99', '1.00', 13, 4),
(100, '199.99', '1.00', 14, 4),
(101, '199.99', '1.00', 14, 4),
(102, '199.99', '1.00', 14, 4),
(103, '199.99', '1.00', 15, 4),
(104, '199.99', '1.00', 15, 4),
(105, '199.99', '1.00', 15, 4),
(106, '199.99', '1.00', 16, 4),
(107, '199.99', '1.00', 16, 4),
(108, '199.99', '1.00', 16, 4),
(109, '199.99', '1.00', 17, 4),
(110, '199.99', '1.00', 17, 4),
(111, '199.99', '1.00', 17, 4),
(112, '199.99', '1.00', 18, 4),
(113, '199.99', '1.00', 18, 4),
(114, '199.99', '1.00', 18, 4),
(115, '199.99', '1.00', 19, 4),
(116, '199.99', '1.00', 19, 4),
(117, '199.99', '1.00', 19, 4),
(118, '199.99', '1.00', 20, 4),
(119, '199.99', '1.00', 20, 4),
(120, '199.99', '1.00', 20, 4),
(121, '65.00', '3.00', 41, 5),
(122, '735.00', '3.00', 41, 5),
(123, '202.00', '1.00', 41, 5),
(124, '255.00', '5.00', 42, 5),
(125, '167.00', '6.00', 42, 5),
(126, '539.00', '5.00', 42, 5),
(127, '252.00', '3.00', 43, 5),
(128, '822.00', '5.00', 43, 5),
(129, '181.00', '1.00', 43, 5),
(130, '101.00', '5.00', 44, 5),
(131, '649.00', '9.00', 44, 5),
(132, '188.00', '9.00', 44, 5),
(133, '272.00', '1.00', 45, 5),
(134, '777.00', '5.00', 45, 5),
(135, '0.00', '6.00', 45, 5),
(136, '256.00', '4.00', 46, 5),
(137, '731.00', '5.00', 46, 5),
(138, '724.00', '7.00', 46, 5),
(139, '95.00', '7.00', 47, 5),
(140, '267.00', '7.00', 47, 5),
(141, '285.00', '6.00', 47, 5),
(142, '190.00', '4.00', 48, 5),
(143, '291.00', '8.00', 48, 5),
(144, '35.00', '4.00', 48, 5),
(145, '296.00', '7.00', 49, 5),
(146, '707.00', '8.00', 49, 5),
(147, '961.00', '2.00', 49, 5),
(148, '31.00', '3.00', 50, 5),
(149, '838.00', '5.00', 50, 5),
(150, '969.00', '9.00', 50, 5),
(151, '499.99', '1.00', 51, 6),
(152, '399.99', '2.00', 51, 6),
(153, '399.99', '2.00', 51, 6),
(154, '199.99', '1.00', 52, 6),
(155, '199.99', '1.00', 52, 6),
(156, '199.99', '1.00', 52, 6),
(157, '199.99', '1.00', 53, 6),
(158, '199.99', '1.00', 53, 6),
(159, '199.99', '1.00', 53, 6),
(160, '199.99', '1.00', 54, 6),
(161, '199.99', '1.00', 54, 6),
(162, '199.99', '1.00', 54, 6),
(163, '199.99', '1.00', 55, 6),
(164, '199.99', '1.00', 55, 6),
(165, '199.99', '1.00', 55, 6),
(166, '199.99', '1.00', 56, 6),
(167, '199.99', '1.00', 56, 6),
(168, '199.99', '1.00', 56, 6),
(169, '199.99', '1.00', 57, 6),
(170, '199.99', '1.00', 57, 6),
(171, '199.99', '1.00', 57, 6),
(172, '199.99', '1.00', 58, 6),
(173, '199.99', '1.00', 58, 6),
(174, '199.99', '1.00', 58, 6),
(175, '199.99', '1.00', 59, 6),
(176, '199.99', '1.00', 59, 6),
(177, '199.99', '1.00', 59, 6),
(178, '199.99', '1.00', 60, 6),
(179, '199.99', '1.00', 60, 6),
(180, '199.99', '1.00', 60, 6),
(181, '499.99', '1.00', 61, 7),
(182, '399.99', '2.00', 61, 7),
(183, '399.99', '2.00', 61, 7),
(184, '199.99', '1.00', 62, 7),
(185, '199.99', '1.00', 62, 7),
(186, '199.99', '1.00', 62, 7),
(187, '199.99', '1.00', 63, 7),
(188, '199.99', '1.00', 63, 7),
(189, '199.99', '1.00', 63, 7),
(190, '199.99', '1.00', 64, 7),
(191, '199.99', '1.00', 64, 7),
(192, '199.99', '1.00', 64, 7),
(193, '199.99', '1.00', 65, 7),
(194, '199.99', '1.00', 65, 7),
(195, '199.99', '1.00', 65, 7),
(196, '199.99', '1.00', 66, 7),
(197, '199.99', '1.00', 66, 7),
(198, '199.99', '1.00', 66, 7),
(199, '199.99', '1.00', 67, 7),
(200, '199.99', '1.00', 67, 7),
(201, '199.99', '1.00', 67, 7),
(202, '199.99', '1.00', 68, 7),
(203, '199.99', '1.00', 68, 7),
(204, '199.99', '1.00', 68, 7),
(205, '199.99', '1.00', 69, 7),
(206, '199.99', '1.00', 69, 7),
(207, '199.99', '1.00', 69, 7),
(208, '199.99', '1.00', 70, 7),
(209, '199.99', '1.00', 70, 7),
(210, '199.99', '1.00', 70, 7),
(211, '499.99', '1.00', 71, 8),
(212, '399.99', '2.00', 71, 8),
(213, '399.99', '2.00', 71, 8),
(214, '199.99', '1.00', 72, 8),
(215, '199.99', '1.00', 72, 8),
(216, '199.99', '1.00', 72, 8),
(217, '199.99', '1.00', 73, 8),
(218, '199.99', '1.00', 73, 8),
(219, '199.99', '1.00', 73, 8),
(220, '199.99', '1.00', 74, 8),
(221, '199.99', '1.00', 74, 8),
(222, '199.99', '1.00', 74, 8),
(223, '199.99', '1.00', 75, 8),
(224, '199.99', '1.00', 75, 8),
(225, '199.99', '1.00', 75, 8),
(226, '199.99', '1.00', 76, 8),
(227, '199.99', '1.00', 76, 8),
(228, '199.99', '1.00', 76, 8),
(229, '199.99', '1.00', 77, 8),
(230, '199.99', '1.00', 77, 8),
(231, '199.99', '1.00', 77, 8),
(232, '199.99', '1.00', 78, 8),
(233, '199.99', '1.00', 78, 8),
(234, '199.99', '1.00', 78, 8),
(235, '199.99', '1.00', 79, 8),
(236, '199.99', '1.00', 79, 8),
(237, '199.99', '1.00', 79, 8),
(238, '199.99', '1.00', 80, 8),
(239, '199.99', '1.00', 80, 8),
(240, '199.99', '1.00', 80, 8),
(241, '499.99', '1.00', 81, 9),
(242, '399.99', '2.00', 81, 9),
(243, '399.99', '2.00', 81, 9),
(244, '199.99', '1.00', 82, 9),
(245, '199.99', '1.00', 82, 9),
(246, '199.99', '1.00', 82, 9),
(247, '199.99', '1.00', 83, 9),
(248, '199.99', '1.00', 83, 9),
(249, '199.99', '1.00', 83, 9),
(250, '199.99', '1.00', 84, 9),
(251, '199.99', '1.00', 84, 9),
(252, '199.99', '1.00', 84, 9),
(253, '199.99', '1.00', 85, 9),
(254, '199.99', '1.00', 85, 9),
(255, '199.99', '1.00', 85, 9),
(256, '199.99', '1.00', 86, 9),
(257, '199.99', '1.00', 86, 9),
(258, '199.99', '1.00', 86, 9),
(259, '199.99', '1.00', 87, 9),
(260, '199.99', '1.00', 87, 9),
(261, '199.99', '1.00', 87, 9),
(262, '199.99', '1.00', 88, 9),
(263, '199.99', '1.00', 88, 9),
(264, '199.99', '1.00', 88, 9),
(265, '199.99', '1.00', 89, 9),
(266, '199.99', '1.00', 89, 9),
(267, '199.99', '1.00', 89, 9),
(268, '199.99', '1.00', 90, 9),
(269, '199.99', '1.00', 90, 9),
(270, '199.99', '1.00', 90, 9),
(271, '499.99', '1.00', 91, 10),
(272, '399.99', '2.00', 91, 10),
(273, '399.99', '2.00', 91, 10),
(274, '199.99', '1.00', 92, 10),
(275, '199.99', '1.00', 92, 10),
(276, '199.99', '1.00', 92, 10),
(277, '199.99', '1.00', 93, 10),
(278, '199.99', '1.00', 93, 10),
(279, '199.99', '1.00', 93, 10),
(280, '199.99', '1.00', 94, 10),
(281, '199.99', '1.00', 94, 10),
(282, '199.99', '1.00', 94, 10),
(283, '199.99', '1.00', 95, 10),
(284, '199.99', '1.00', 95, 10),
(285, '199.99', '1.00', 95, 10),
(286, '199.99', '1.00', 96, 10),
(287, '199.99', '1.00', 96, 10),
(288, '199.99', '1.00', 96, 10),
(289, '199.99', '1.00', 97, 10),
(290, '199.99', '1.00', 97, 10),
(291, '199.99', '1.00', 97, 10),
(292, '199.99', '1.00', 98, 10),
(293, '199.99', '1.00', 98, 10),
(294, '199.99', '1.00', 98, 10),
(295, '199.99', '1.00', 99, 10),
(296, '199.99', '1.00', 99, 10),
(297, '199.99', '1.00', 99, 10),
(298, '199.99', '1.00', 100, 10),
(299, '199.99', '1.00', 100, 10),
(300, '199.99', '1.00', 100, 10),
(301, '499.99', '1.00', 101, 11),
(302, '399.99', '2.00', 101, 11),
(303, '399.99', '2.00', 101, 11),
(304, '199.99', '1.00', 102, 11),
(305, '199.99', '1.00', 102, 11),
(306, '199.99', '1.00', 102, 11),
(307, '199.99', '1.00', 103, 11),
(308, '199.99', '1.00', 103, 11),
(309, '199.99', '1.00', 103, 11),
(310, '199.99', '1.00', 104, 11),
(311, '199.99', '1.00', 104, 11),
(312, '199.99', '1.00', 104, 11),
(313, '199.99', '1.00', 105, 11),
(314, '199.99', '1.00', 105, 11),
(315, '199.99', '1.00', 105, 11),
(316, '199.99', '1.00', 106, 11),
(317, '199.99', '1.00', 106, 11),
(318, '199.99', '1.00', 106, 11),
(319, '199.99', '1.00', 107, 11),
(320, '199.99', '1.00', 107, 11),
(321, '199.99', '1.00', 107, 11),
(322, '199.99', '1.00', 108, 11),
(323, '199.99', '1.00', 108, 11),
(324, '199.99', '1.00', 108, 11),
(325, '199.99', '1.00', 109, 11),
(326, '199.99', '1.00', 109, 11),
(327, '199.99', '1.00', 109, 11),
(328, '199.99', '1.00', 110, 11),
(329, '199.99', '1.00', 110, 11),
(330, '199.99', '1.00', 110, 11),
(331, '661.00', '5.00', 111, 12),
(332, '465.00', '2.00', 111, 12),
(333, '760.00', '4.00', 111, 12),
(334, '213.00', '3.00', 112, 12),
(335, '712.00', '1.00', 112, 12),
(336, '856.00', '2.00', 112, 12),
(337, '2.00', '6.00', 113, 12),
(338, '899.00', '2.00', 113, 12),
(339, '775.00', '6.00', 113, 12),
(340, '847.00', '6.00', 114, 12),
(341, '361.00', '5.00', 114, 12),
(342, '437.00', '9.00', 114, 12),
(343, '398.00', '2.00', 115, 12),
(344, '483.00', '2.00', 115, 12),
(345, '805.00', '2.00', 115, 12),
(346, '926.00', '6.00', 116, 12),
(347, '548.00', '4.00', 116, 12),
(348, '182.00', '9.00', 116, 12),
(349, '56.00', '7.00', 117, 12),
(350, '390.00', '6.00', 117, 12),
(351, '33.00', '8.00', 117, 12),
(352, '913.00', '7.00', 118, 12),
(353, '321.00', '2.00', 118, 12),
(354, '159.00', '5.00', 118, 12),
(355, '331.00', '8.00', 119, 12),
(356, '136.00', '3.00', 119, 12),
(357, '996.00', '5.00', 119, 12),
(358, '157.00', '2.00', 120, 12),
(359, '873.00', '5.00', 120, 12),
(360, '153.00', '6.00', 120, 12),
(361, '125.00', '1.00', 121, 13),
(362, '334.00', '5.00', 121, 13),
(363, '102.00', '2.00', 121, 13),
(364, '723.00', '3.00', 122, 13),
(365, '176.00', '1.00', 122, 13),
(366, '704.00', '6.00', 122, 13),
(367, '944.00', '1.00', 123, 13),
(368, '211.00', '8.00', 123, 13),
(369, '332.00', '4.00', 123, 13),
(370, '86.00', '6.00', 124, 13),
(371, '849.00', '2.00', 124, 13),
(372, '755.00', '4.00', 124, 13),
(373, '571.00', '3.00', 125, 13),
(374, '635.00', '5.00', 125, 13),
(375, '634.00', '9.00', 125, 13),
(376, '164.00', '1.00', 126, 13),
(377, '602.00', '8.00', 126, 13),
(378, '312.00', '5.00', 126, 13),
(379, '228.00', '4.00', 127, 13),
(380, '866.00', '9.00', 127, 13),
(381, '438.00', '8.00', 127, 13),
(382, '747.00', '7.00', 128, 13),
(383, '739.00', '4.00', 128, 13),
(384, '687.00', '4.00', 128, 13),
(385, '394.00', '2.00', 129, 13),
(386, '578.00', '4.00', 129, 13),
(387, '815.00', '7.00', 129, 13),
(388, '957.00', '4.00', 130, 13),
(389, '29.00', '3.00', 130, 13),
(390, '559.00', '3.00', 130, 13),
(391, '101.00', '8.00', 131, 14),
(392, '439.00', '7.00', 131, 14),
(393, '259.00', '3.00', 131, 14),
(394, '982.00', '6.00', 132, 14),
(395, '288.00', '4.00', 132, 14),
(396, '92.00', '4.00', 132, 14),
(397, '26.00', '3.00', 133, 14),
(398, '363.00', '7.00', 133, 14),
(399, '348.00', '3.00', 133, 14),
(400, '998.00', '3.00', 134, 14),
(401, '974.00', '1.00', 134, 14),
(402, '959.00', '1.00', 134, 14),
(403, '130.00', '5.00', 135, 14),
(404, '745.00', '2.00', 135, 14),
(405, '126.00', '1.00', 135, 14),
(406, '48.00', '7.00', 136, 14),
(407, '466.00', '2.00', 136, 14),
(408, '730.00', '8.00', 136, 14),
(409, '883.00', '9.00', 137, 14),
(410, '58.00', '3.00', 137, 14),
(411, '899.00', '1.00', 137, 14),
(412, '510.00', '1.00', 138, 14),
(413, '499.00', '3.00', 138, 14),
(414, '367.00', '7.00', 138, 14),
(415, '410.00', '2.00', 139, 14),
(416, '567.00', '4.00', 139, 14),
(417, '613.00', '1.00', 139, 14),
(418, '120.00', '4.00', 140, 14),
(419, '722.00', '9.00', 140, 14),
(420, '996.00', '4.00', 140, 14),
(421, '836.00', '1.00', 141, 15),
(422, '923.00', '8.00', 141, 15),
(423, '7.00', '3.00', 141, 15),
(424, '234.00', '2.00', 142, 15),
(425, '284.00', '6.00', 142, 15),
(426, '978.00', '3.00', 142, 15),
(427, '442.00', '4.00', 143, 15),
(428, '789.00', '3.00', 143, 15),
(429, '109.00', '5.00', 143, 15),
(430, '864.00', '9.00', 144, 15),
(431, '718.00', '4.00', 144, 15),
(432, '597.00', '6.00', 144, 15),
(433, '107.00', '8.00', 145, 15),
(434, '44.00', '5.00', 145, 15),
(435, '895.00', '7.00', 145, 15),
(436, '719.00', '3.00', 146, 15),
(437, '158.00', '8.00', 146, 15),
(438, '888.00', '9.00', 146, 15),
(439, '11.00', '2.00', 147, 15),
(440, '208.00', '9.00', 147, 15),
(441, '979.00', '3.00', 147, 15),
(442, '80.00', '9.00', 148, 15),
(443, '798.00', '5.00', 148, 15),
(444, '565.00', '8.00', 148, 15),
(445, '169.00', '7.00', 149, 15),
(446, '163.00', '5.00', 149, 15),
(447, '171.00', '6.00', 149, 15),
(448, '700.00', '8.00', 150, 15),
(449, '252.00', '9.00', 150, 15),
(450, '50.00', '4.00', 150, 15),
(451, '45.00', '5.00', 151, 16),
(452, '97.00', '7.00', 151, 16),
(453, '377.00', '9.00', 151, 16),
(454, '444.00', '7.00', 152, 16),
(455, '995.00', '5.00', 152, 16),
(456, '640.00', '4.00', 152, 16),
(457, '31.00', '1.00', 153, 16),
(458, '388.00', '1.00', 153, 16),
(459, '45.00', '9.00', 153, 16),
(460, '956.00', '4.00', 154, 16),
(461, '674.00', '7.00', 154, 16),
(462, '830.00', '5.00', 154, 16),
(463, '818.00', '2.00', 155, 16),
(464, '12.00', '1.00', 155, 16),
(465, '996.00', '7.00', 155, 16),
(466, '364.00', '6.00', 156, 16),
(467, '420.00', '7.00', 156, 16),
(468, '128.00', '6.00', 156, 16),
(469, '559.00', '9.00', 157, 16),
(470, '189.00', '4.00', 157, 16),
(471, '697.00', '3.00', 157, 16),
(472, '613.00', '2.00', 158, 16),
(473, '540.00', '1.00', 158, 16),
(474, '306.00', '4.00', 158, 16),
(475, '531.00', '5.00', 159, 16),
(476, '846.00', '4.00', 159, 16),
(477, '581.00', '5.00', 159, 16),
(478, '871.00', '3.00', 160, 16),
(479, '636.00', '2.00', 160, 16),
(480, '494.00', '8.00', 160, 16),
(481, '961.00', '8.00', 161, 17),
(482, '846.00', '7.00', 161, 17),
(483, '100.00', '4.00', 161, 17),
(484, '81.00', '4.00', 162, 17),
(485, '839.00', '3.00', 162, 17),
(486, '114.00', '4.00', 162, 17),
(487, '8.00', '2.00', 163, 17),
(488, '993.00', '9.00', 163, 17),
(489, '191.00', '4.00', 163, 17),
(490, '601.00', '2.00', 164, 17),
(491, '254.00', '8.00', 164, 17),
(492, '368.00', '3.00', 164, 17),
(493, '871.00', '7.00', 165, 17),
(494, '530.00', '9.00', 165, 17),
(495, '492.00', '5.00', 165, 17),
(496, '665.00', '6.00', 166, 17),
(497, '413.00', '6.00', 166, 17),
(498, '876.00', '2.00', 166, 17),
(499, '353.00', '3.00', 167, 17),
(500, '381.00', '2.00', 167, 17),
(501, '714.00', '8.00', 167, 17),
(502, '381.00', '4.00', 168, 17),
(503, '294.00', '7.00', 168, 17),
(504, '57.00', '6.00', 168, 17),
(505, '723.00', '5.00', 169, 17),
(506, '276.00', '6.00', 169, 17),
(507, '650.00', '9.00', 169, 17),
(508, '860.00', '7.00', 170, 17),
(509, '763.00', '4.00', 170, 17),
(510, '991.00', '7.00', 170, 17),
(511, '499.99', '2.00', 171, 18),
(512, '399.99', '1.00', 171, 18),
(513, '299.99', '2.00', 171, 18),
(514, '499.99', '1.00', 172, 18),
(515, '499.99', '2.00', 172, 18),
(516, '499.99', '2.00', 172, 18),
(517, '399.99', '1.00', 173, 18),
(518, '299.99', '2.00', 173, 18),
(519, '499.99', '1.00', 173, 18),
(520, '499.99', '2.00', 174, 18),
(521, '499.99', '2.00', 174, 18),
(522, '399.99', '1.00', 174, 18),
(523, '299.99', '2.00', 175, 18),
(524, '499.99', '1.00', 175, 18),
(525, '499.99', '2.00', 175, 18),
(526, '499.99', '2.00', 176, 18),
(527, '399.99', '1.00', 176, 18),
(528, '299.99', '2.00', 176, 18),
(529, '499.99', '1.00', 177, 18),
(530, '499.99', '2.00', 177, 18),
(531, '499.99', '2.00', 177, 18),
(532, '399.99', '1.00', 178, 18),
(533, '299.99', '2.00', 178, 18),
(534, '499.99', '1.00', 178, 18),
(535, '499.99', '2.00', 179, 18),
(536, '499.99', '2.00', 179, 18),
(537, '399.99', '1.00', 179, 18),
(538, '299.99', '2.00', 180, 18),
(539, '499.99', '1.00', 180, 18),
(540, '499.99', '2.00', 180, 18),
(541, '443.00', '9.00', 181, 19),
(542, '112.00', '1.00', 181, 19),
(543, '155.00', '6.00', 181, 19),
(544, '43.00', '4.00', 182, 19),
(545, '674.00', '6.00', 182, 19),
(546, '932.00', '2.00', 182, 19),
(547, '59.00', '7.00', 183, 19),
(548, '445.00', '2.00', 183, 19),
(549, '467.00', '1.00', 183, 19),
(550, '628.00', '4.00', 184, 19),
(551, '267.00', '9.00', 184, 19),
(552, '219.00', '5.00', 184, 19),
(553, '778.00', '5.00', 185, 19),
(554, '604.00', '9.00', 185, 19),
(555, '318.00', '1.00', 185, 19),
(556, '165.00', '2.00', 186, 19),
(557, '723.00', '8.00', 186, 19),
(558, '692.00', '3.00', 186, 19),
(559, '540.00', '4.00', 187, 19),
(560, '317.00', '6.00', 187, 19),
(561, '588.00', '8.00', 187, 19),
(562, '753.00', '2.00', 188, 19),
(563, '654.00', '2.00', 188, 19),
(564, '59.00', '1.00', 188, 19),
(565, '980.00', '6.00', 189, 19),
(566, '625.00', '1.00', 189, 19),
(567, '247.00', '5.00', 189, 19),
(568, '421.00', '1.00', 190, 19),
(569, '961.00', '2.00', 190, 19),
(570, '645.00', '8.00', 190, 19),
(571, '132.00', '4.00', 191, 20),
(572, '291.00', '7.00', 191, 20),
(573, '425.00', '9.00', 191, 20),
(574, '790.00', '2.00', 192, 20),
(575, '594.00', '4.00', 192, 20),
(576, '66.00', '6.00', 192, 20),
(577, '369.00', '9.00', 193, 20),
(578, '476.00', '2.00', 193, 20),
(579, '813.00', '8.00', 193, 20),
(580, '205.00', '3.00', 194, 20),
(581, '176.00', '6.00', 194, 20),
(582, '685.00', '6.00', 194, 20),
(583, '43.00', '2.00', 195, 20),
(584, '826.00', '8.00', 195, 20),
(585, '978.00', '1.00', 195, 20),
(586, '311.00', '9.00', 196, 20),
(587, '149.00', '2.00', 196, 20),
(588, '887.00', '9.00', 196, 20),
(589, '918.00', '5.00', 197, 20),
(590, '304.00', '2.00', 197, 20),
(591, '990.00', '5.00', 197, 20),
(592, '548.00', '2.00', 198, 20),
(593, '270.00', '5.00', 198, 20),
(594, '9.00', '3.00', 198, 20),
(595, '855.00', '3.00', 199, 20),
(596, '448.00', '9.00', 199, 20),
(597, '877.00', '9.00', 199, 20),
(598, '453.00', '1.00', 200, 20),
(599, '118.00', '9.00', 200, 20),
(600, '726.00', '3.00', 200, 20),
(601, '898.00', '2.00', 201, 21),
(602, '559.00', '4.00', 201, 21),
(603, '612.00', '1.00', 201, 21),
(604, '449.00', '9.00', 202, 21),
(605, '866.00', '5.00', 202, 21),
(606, '570.00', '8.00', 202, 21),
(607, '565.00', '7.00', 203, 21),
(608, '745.00', '6.00', 203, 21),
(609, '906.00', '8.00', 203, 21),
(610, '564.00', '5.00', 204, 21),
(611, '841.00', '1.00', 204, 21),
(612, '271.00', '2.00', 204, 21),
(613, '724.00', '5.00', 205, 21),
(614, '485.00', '4.00', 205, 21),
(615, '311.00', '4.00', 205, 21),
(616, '234.00', '1.00', 206, 21),
(617, '589.00', '9.00', 206, 21),
(618, '131.00', '1.00', 206, 21),
(619, '367.00', '5.00', 207, 21),
(620, '220.00', '3.00', 207, 21),
(621, '725.00', '3.00', 207, 21),
(622, '275.00', '7.00', 208, 21),
(623, '269.00', '9.00', 208, 21),
(624, '834.00', '2.00', 208, 21),
(625, '226.00', '3.00', 209, 21),
(626, '124.00', '2.00', 209, 21),
(627, '460.00', '1.00', 209, 21),
(628, '56.00', '3.00', 210, 21),
(629, '684.00', '5.00', 210, 21),
(630, '473.00', '1.00', 210, 21),
(631, '438.00', '3.00', 211, 22),
(632, '76.00', '1.00', 211, 22),
(633, '332.00', '4.00', 211, 22),
(634, '773.00', '5.00', 212, 22),
(635, '247.00', '7.00', 212, 22),
(636, '560.00', '7.00', 212, 22),
(637, '961.00', '2.00', 213, 22),
(638, '158.00', '9.00', 213, 22),
(639, '469.00', '7.00', 213, 22),
(640, '505.00', '2.00', 214, 22),
(641, '6.00', '1.00', 214, 22),
(642, '105.00', '7.00', 214, 22),
(643, '621.00', '2.00', 215, 22),
(644, '666.00', '2.00', 215, 22),
(645, '992.00', '2.00', 215, 22),
(646, '565.00', '8.00', 216, 22),
(647, '645.00', '4.00', 216, 22),
(648, '656.00', '9.00', 216, 22),
(649, '95.00', '5.00', 217, 22),
(650, '291.00', '2.00', 217, 22),
(651, '332.00', '8.00', 217, 22),
(652, '664.00', '9.00', 218, 22),
(653, '402.00', '5.00', 218, 22),
(654, '802.00', '9.00', 218, 22),
(655, '158.00', '7.00', 219, 22),
(656, '92.00', '9.00', 219, 22),
(657, '75.00', '9.00', 219, 22),
(658, '314.00', '9.00', 220, 22),
(659, '104.00', '2.00', 220, 22),
(660, '741.00', '4.00', 220, 22),
(661, '841.00', '9.00', 221, 23),
(662, '449.00', '8.00', 221, 23),
(663, '155.00', '3.00', 221, 23),
(664, '141.00', '5.00', 222, 23),
(665, '83.00', '4.00', 222, 23),
(666, '494.00', '9.00', 222, 23),
(667, '782.00', '6.00', 223, 23),
(668, '463.00', '8.00', 223, 23),
(669, '333.00', '5.00', 223, 23),
(670, '908.00', '9.00', 224, 23),
(671, '73.00', '5.00', 224, 23),
(672, '114.00', '9.00', 224, 23),
(673, '720.00', '1.00', 225, 23),
(674, '344.00', '9.00', 225, 23),
(675, '136.00', '8.00', 225, 23),
(676, '646.00', '5.00', 226, 23),
(677, '119.00', '1.00', 226, 23),
(678, '87.00', '5.00', 226, 23),
(679, '326.00', '8.00', 227, 23),
(680, '753.00', '9.00', 227, 23),
(681, '723.00', '6.00', 227, 23),
(682, '293.00', '2.00', 228, 23),
(683, '506.00', '3.00', 228, 23),
(684, '219.00', '2.00', 228, 23),
(685, '963.00', '9.00', 229, 23),
(686, '487.00', '9.00', 229, 23),
(687, '334.00', '6.00', 229, 23),
(688, '894.00', '9.00', 230, 23),
(689, '837.00', '6.00', 230, 23),
(690, '763.00', '1.00', 230, 23),
(691, '764.00', '8.00', 231, 24),
(692, '412.00', '3.00', 231, 24),
(693, '756.00', '5.00', 231, 24),
(694, '832.00', '3.00', 232, 24),
(695, '724.00', '8.00', 232, 24),
(696, '889.00', '3.00', 232, 24),
(697, '749.00', '5.00', 233, 24),
(698, '275.00', '3.00', 233, 24),
(699, '325.00', '2.00', 233, 24),
(700, '118.00', '5.00', 234, 24),
(701, '66.00', '5.00', 234, 24),
(702, '98.00', '9.00', 234, 24),
(703, '921.00', '5.00', 235, 24),
(704, '432.00', '3.00', 235, 24),
(705, '209.00', '6.00', 235, 24),
(706, '667.00', '4.00', 236, 24),
(707, '975.00', '1.00', 236, 24),
(708, '720.00', '9.00', 236, 24),
(709, '807.00', '6.00', 237, 24),
(710, '234.00', '2.00', 237, 24),
(711, '167.00', '6.00', 237, 24),
(712, '269.00', '4.00', 238, 24),
(713, '441.00', '2.00', 238, 24),
(714, '133.00', '2.00', 238, 24),
(715, '782.00', '9.00', 239, 24),
(716, '877.00', '8.00', 239, 24),
(717, '735.00', '8.00', 239, 24),
(718, '555.00', '8.00', 240, 24),
(719, '176.00', '6.00', 240, 24),
(720, '865.00', '7.00', 240, 24),
(721, '804.00', '8.00', 241, 25),
(722, '808.00', '7.00', 241, 25),
(723, '383.00', '5.00', 241, 25),
(724, '782.00', '3.00', 242, 25),
(725, '863.00', '9.00', 242, 25),
(726, '360.00', '1.00', 242, 25),
(727, '46.00', '6.00', 243, 25),
(728, '239.00', '8.00', 243, 25),
(729, '410.00', '4.00', 243, 25),
(730, '921.00', '7.00', 244, 25),
(731, '433.00', '5.00', 244, 25),
(732, '462.00', '6.00', 244, 25),
(733, '619.00', '3.00', 245, 25),
(734, '63.00', '4.00', 245, 25),
(735, '957.00', '1.00', 245, 25),
(736, '906.00', '8.00', 246, 25),
(737, '302.00', '4.00', 246, 25),
(738, '632.00', '1.00', 246, 25),
(739, '512.00', '5.00', 247, 25),
(740, '518.00', '2.00', 247, 25),
(741, '108.00', '9.00', 247, 25),
(742, '874.00', '8.00', 248, 25),
(743, '86.00', '8.00', 248, 25),
(744, '203.00', '9.00', 248, 25),
(745, '381.00', '2.00', 249, 25),
(746, '535.00', '9.00', 249, 25),
(747, '241.00', '9.00', 249, 25),
(748, '799.00', '9.00', 250, 25),
(749, '202.00', '7.00', 250, 25),
(750, '242.00', '5.00', 250, 25),
(751, '682.00', '5.00', 251, 26),
(752, '999.00', '5.00', 251, 26),
(753, '63.00', '8.00', 251, 26),
(754, '271.00', '4.00', 252, 26),
(755, '445.00', '1.00', 252, 26),
(756, '198.00', '1.00', 252, 26),
(757, '308.00', '6.00', 253, 26),
(758, '790.00', '8.00', 253, 26),
(759, '281.00', '1.00', 253, 26),
(760, '589.00', '7.00', 254, 26),
(761, '977.00', '1.00', 254, 26),
(762, '311.00', '9.00', 254, 26),
(763, '391.00', '4.00', 255, 26),
(764, '170.00', '8.00', 255, 26),
(765, '198.00', '8.00', 255, 26),
(766, '692.00', '2.00', 256, 26),
(767, '740.00', '3.00', 256, 26),
(768, '698.00', '8.00', 256, 26),
(769, '868.00', '9.00', 257, 26),
(770, '742.00', '7.00', 257, 26),
(771, '912.00', '4.00', 257, 26),
(772, '909.00', '7.00', 258, 26),
(773, '759.00', '7.00', 258, 26),
(774, '240.00', '4.00', 258, 26),
(775, '820.00', '2.00', 259, 26),
(776, '606.00', '2.00', 259, 26),
(777, '50.00', '2.00', 259, 26),
(778, '843.00', '7.00', 260, 26),
(779, '378.00', '7.00', 260, 26),
(780, '563.00', '3.00', 260, 26),
(811, '703.00', '3.00', 271, 28),
(812, '686.00', '3.00', 271, 28),
(813, '907.00', '2.00', 271, 28),
(814, '342.00', '3.00', 272, 28),
(815, '395.00', '1.00', 272, 28),
(816, '936.00', '1.00', 272, 28),
(817, '448.00', '3.00', 273, 28),
(818, '999.00', '7.00', 273, 28),
(819, '896.00', '6.00', 273, 28),
(820, '157.00', '1.00', 274, 28),
(821, '896.00', '5.00', 274, 28),
(822, '786.00', '7.00', 274, 28),
(823, '202.00', '5.00', 275, 28),
(824, '818.00', '8.00', 275, 28),
(825, '137.00', '6.00', 275, 28),
(826, '86.00', '8.00', 276, 28),
(827, '42.00', '4.00', 276, 28),
(828, '731.00', '1.00', 276, 28),
(829, '261.00', '7.00', 277, 28),
(830, '681.00', '9.00', 277, 28),
(831, '145.00', '2.00', 277, 28),
(832, '437.00', '3.00', 278, 28),
(833, '515.00', '9.00', 278, 28),
(834, '228.00', '4.00', 278, 28),
(835, '33.00', '6.00', 279, 28),
(836, '958.00', '1.00', 279, 28),
(837, '540.00', '1.00', 279, 28),
(838, '572.00', '6.00', 280, 28),
(839, '623.00', '3.00', 280, 28),
(840, '6.00', '2.00', 280, 28),
(841, '453.00', '5.00', 281, 29),
(842, '586.00', '4.00', 281, 29),
(843, '425.00', '3.00', 281, 29),
(844, '156.00', '1.00', 282, 29),
(845, '902.00', '3.00', 282, 29),
(846, '482.00', '1.00', 282, 29),
(847, '729.00', '4.00', 283, 29),
(848, '812.00', '7.00', 283, 29),
(849, '384.00', '1.00', 283, 29),
(850, '172.00', '2.00', 284, 29),
(851, '220.00', '8.00', 284, 29),
(852, '973.00', '2.00', 284, 29),
(853, '970.00', '1.00', 285, 29),
(854, '318.00', '4.00', 285, 29),
(855, '769.00', '4.00', 285, 29),
(856, '809.00', '4.00', 286, 29),
(857, '977.00', '5.00', 286, 29),
(858, '446.00', '4.00', 286, 29),
(859, '606.00', '4.00', 287, 29),
(860, '407.00', '5.00', 287, 29),
(861, '243.00', '3.00', 287, 29),
(862, '903.00', '6.00', 288, 29),
(863, '187.00', '6.00', 288, 29),
(864, '369.00', '2.00', 288, 29),
(865, '684.00', '9.00', 289, 29),
(866, '39.00', '8.00', 289, 29),
(867, '739.00', '7.00', 289, 29),
(868, '461.00', '8.00', 290, 29),
(869, '592.00', '6.00', 290, 29),
(870, '450.00', '8.00', 290, 29),
(871, '908.00', '6.00', 291, 30),
(872, '309.00', '4.00', 291, 30),
(873, '385.00', '9.00', 291, 30),
(874, '466.00', '3.00', 292, 30),
(875, '177.00', '2.00', 292, 30),
(876, '10.00', '7.00', 292, 30),
(877, '878.00', '1.00', 293, 30),
(878, '769.00', '2.00', 293, 30),
(879, '342.00', '6.00', 293, 30),
(880, '525.00', '5.00', 294, 30),
(881, '32.00', '3.00', 294, 30),
(882, '850.00', '1.00', 294, 30),
(883, '424.00', '7.00', 295, 30),
(884, '66.00', '4.00', 295, 30),
(885, '234.00', '7.00', 295, 30),
(886, '483.00', '9.00', 296, 30),
(887, '205.00', '4.00', 296, 30),
(888, '110.00', '1.00', 296, 30),
(889, '679.00', '8.00', 297, 30),
(890, '634.00', '9.00', 297, 30),
(891, '126.00', '3.00', 297, 30),
(892, '600.00', '9.00', 298, 30),
(893, '651.00', '1.00', 298, 30),
(894, '553.00', '3.00', 298, 30),
(895, '950.00', '7.00', 299, 30),
(896, '197.00', '4.00', 299, 30),
(897, '880.00', '8.00', 299, 30),
(898, '143.00', '3.00', 300, 30),
(899, '172.00', '9.00', 300, 30),
(900, '667.00', '7.00', 300, 30),
(901, '783.00', '2.00', 301, 31),
(902, '319.00', '5.00', 301, 31),
(903, '945.00', '9.00', 301, 31),
(904, '814.00', '8.00', 302, 31),
(905, '996.00', '3.00', 302, 31),
(906, '702.00', '7.00', 302, 31),
(907, '177.00', '2.00', 303, 31),
(908, '761.00', '6.00', 303, 31),
(909, '333.00', '5.00', 303, 31),
(910, '422.00', '5.00', 304, 31),
(911, '59.00', '7.00', 304, 31),
(912, '468.00', '5.00', 304, 31),
(913, '283.00', '4.00', 305, 31),
(914, '237.00', '8.00', 305, 31),
(915, '500.00', '4.00', 305, 31),
(916, '162.00', '5.00', 306, 31),
(917, '346.00', '6.00', 306, 31),
(918, '861.00', '7.00', 306, 31),
(919, '905.00', '8.00', 307, 31),
(920, '324.00', '5.00', 307, 31),
(921, '101.00', '9.00', 307, 31),
(922, '987.00', '2.00', 308, 31),
(923, '708.00', '6.00', 308, 31),
(924, '159.00', '8.00', 308, 31),
(925, '658.00', '1.00', 309, 31),
(926, '467.00', '1.00', 309, 31),
(927, '136.00', '7.00', 309, 31),
(928, '861.00', '1.00', 310, 31),
(929, '150.00', '7.00', 310, 31),
(930, '677.00', '9.00', 310, 31),
(931, '51.00', '5.00', 311, 32),
(932, '926.00', '4.00', 311, 32),
(933, '156.00', '3.00', 311, 32),
(934, '71.00', '4.00', 312, 32),
(935, '770.00', '5.00', 312, 32),
(936, '388.00', '8.00', 312, 32),
(937, '71.00', '3.00', 313, 32),
(938, '976.00', '6.00', 313, 32),
(939, '304.00', '4.00', 313, 32),
(940, '742.00', '4.00', 314, 32),
(941, '212.00', '8.00', 314, 32),
(942, '757.00', '6.00', 314, 32),
(943, '935.00', '7.00', 315, 32),
(944, '581.00', '7.00', 315, 32),
(945, '366.00', '4.00', 315, 32),
(946, '386.00', '3.00', 316, 32),
(947, '553.00', '8.00', 316, 32),
(948, '111.00', '7.00', 316, 32),
(949, '577.00', '6.00', 317, 32),
(950, '800.00', '7.00', 317, 32),
(951, '633.00', '9.00', 317, 32),
(952, '71.00', '3.00', 318, 32),
(953, '471.00', '3.00', 318, 32),
(954, '90.00', '4.00', 318, 32),
(955, '527.00', '1.00', 319, 32),
(956, '632.00', '7.00', 319, 32),
(957, '588.00', '9.00', 319, 32),
(958, '676.00', '4.00', 320, 32),
(959, '431.00', '6.00', 320, 32),
(960, '963.00', '2.00', 320, 32),
(991, '857.00', '3.00', 331, 34),
(992, '701.00', '3.00', 331, 34),
(993, '548.00', '6.00', 331, 34),
(994, '868.00', '3.00', 332, 34),
(995, '579.00', '5.00', 332, 34),
(996, '779.00', '8.00', 332, 34),
(997, '887.00', '5.00', 333, 34),
(998, '26.00', '1.00', 333, 34),
(999, '36.00', '3.00', 333, 34),
(1000, '382.00', '8.00', 334, 34),
(1001, '920.00', '4.00', 334, 34),
(1002, '699.00', '6.00', 334, 34),
(1003, '388.00', '7.00', 335, 34),
(1004, '774.00', '3.00', 335, 34),
(1005, '881.00', '5.00', 335, 34),
(1006, '787.00', '6.00', 336, 34),
(1007, '864.00', '7.00', 336, 34),
(1008, '736.00', '7.00', 336, 34),
(1009, '904.00', '6.00', 337, 34),
(1010, '512.00', '7.00', 337, 34),
(1011, '961.00', '6.00', 337, 34),
(1012, '642.00', '9.00', 338, 34),
(1013, '800.00', '1.00', 338, 34),
(1014, '600.00', '9.00', 338, 34),
(1015, '885.00', '7.00', 339, 34),
(1016, '136.00', '1.00', 339, 34),
(1017, '277.00', '6.00', 339, 34),
(1018, '354.00', '1.00', 340, 34),
(1019, '738.00', '8.00', 340, 34),
(1020, '924.00', '2.00', 340, 34),
(1021, '648.00', '7.00', 341, 35),
(1022, '609.00', '1.00', 341, 35),
(1023, '237.00', '7.00', 341, 35),
(1024, '447.00', '7.00', 342, 35),
(1025, '218.00', '6.00', 342, 35),
(1026, '105.00', '8.00', 342, 35),
(1027, '807.00', '5.00', 343, 35),
(1028, '397.00', '4.00', 343, 35),
(1029, '42.00', '3.00', 343, 35),
(1030, '642.00', '8.00', 344, 35),
(1031, '10.00', '4.00', 344, 35),
(1032, '3.00', '7.00', 344, 35),
(1033, '226.00', '2.00', 345, 35),
(1034, '758.00', '1.00', 345, 35),
(1035, '683.00', '8.00', 345, 35),
(1036, '575.00', '5.00', 346, 35),
(1037, '788.00', '7.00', 346, 35),
(1038, '45.00', '6.00', 346, 35),
(1039, '886.00', '7.00', 347, 35),
(1040, '535.00', '6.00', 347, 35),
(1041, '459.00', '1.00', 347, 35),
(1042, '641.00', '4.00', 348, 35),
(1043, '945.00', '5.00', 348, 35),
(1044, '645.00', '1.00', 348, 35),
(1045, '569.00', '7.00', 349, 35),
(1046, '52.00', '2.00', 349, 35),
(1047, '877.00', '2.00', 349, 35),
(1048, '584.00', '1.00', 350, 35),
(1049, '42.00', '4.00', 350, 35),
(1050, '74.00', '8.00', 350, 35),
(1051, '429.00', '6.00', 351, 36),
(1052, '207.00', '4.00', 351, 36),
(1053, '826.00', '4.00', 351, 36),
(1054, '835.00', '3.00', 352, 36),
(1055, '964.00', '6.00', 352, 36),
(1056, '250.00', '3.00', 352, 36),
(1057, '738.00', '3.00', 353, 36),
(1058, '924.00', '6.00', 353, 36),
(1059, '840.00', '6.00', 353, 36),
(1060, '792.00', '1.00', 354, 36),
(1061, '940.00', '6.00', 354, 36),
(1062, '755.00', '9.00', 354, 36),
(1063, '513.00', '8.00', 355, 36),
(1064, '388.00', '5.00', 355, 36),
(1065, '934.00', '7.00', 355, 36),
(1066, '786.00', '7.00', 356, 36),
(1067, '704.00', '5.00', 356, 36),
(1068, '903.00', '7.00', 356, 36),
(1069, '882.00', '7.00', 357, 36),
(1070, '985.00', '4.00', 357, 36),
(1071, '776.00', '7.00', 357, 36),
(1072, '864.00', '9.00', 358, 36),
(1073, '135.00', '7.00', 358, 36),
(1074, '853.00', '6.00', 358, 36),
(1075, '845.00', '3.00', 359, 36),
(1076, '685.00', '3.00', 359, 36),
(1077, '456.00', '7.00', 359, 36),
(1078, '430.00', '7.00', 360, 36),
(1079, '12.00', '3.00', 360, 36),
(1080, '310.00', '7.00', 360, 36),
(1097, '504.00', '4.00', 377, 41),
(1098, '668.00', '5.00', 378, 41),
(1099, '663.00', '5.00', 379, 41),
(1100, '314.00', '3.00', 380, 41),
(1101, '819.00', '5.00', 381, 42),
(1102, '961.00', '8.00', 382, 42),
(1103, '407.00', '6.00', 383, 42),
(1104, '928.00', '9.00', 384, 42),
(1105, '350.00', '9.00', 385, 43),
(1106, '467.00', '8.00', 386, 43),
(1107, '261.00', '3.00', 387, 43),
(1108, '188.00', '1.00', 388, 43),
(1109, '11.00', '5.00', 389, 44),
(1110, '334.00', '6.00', 390, 44),
(1111, '553.00', '3.00', 391, 44),
(1112, '316.00', '4.00', 392, 44),
(1113, '916.00', '9.00', 393, 45),
(1114, '924.00', '5.00', 394, 45),
(1115, '939.00', '9.00', 395, 45),
(1116, '892.00', '7.00', 396, 45),
(1121, '126.00', '2.00', 401, 47),
(1122, '682.00', '5.00', 402, 47),
(1123, '59.00', '6.00', 403, 47),
(1124, '227.00', '5.00', 404, 47),
(1125, '768.00', '3.00', 405, 48),
(1126, '882.00', '4.00', 406, 48),
(1127, '69.00', '7.00', 407, 48),
(1128, '12.00', '7.00', 408, 48),
(1129, '96.00', '5.00', 409, 49),
(1130, '407.00', '9.00', 410, 49),
(1131, '38.00', '1.00', 411, 49),
(1132, '725.00', '8.00', 412, 49),
(1133, '685.00', '2.00', 413, 50),
(1134, '10.00', '1.00', 414, 50),
(1135, '652.00', '9.00', 415, 50),
(1136, '609.00', '1.00', 416, 50),
(1137, '887.00', '2.00', 417, 51),
(1138, '569.00', '9.00', 418, 51),
(1139, '195.00', '4.00', 419, 51),
(1140, '358.00', '1.00', 420, 51);

-- --------------------------------------------------------

--
-- Structure de la table `products`
--

DROP TABLE IF EXISTS `products`;
CREATE TABLE IF NOT EXISTS `products` (
  `id` int(11) NOT NULL AUTO_INCREMENT,
  `products_name` varchar(50) COLLATE utf8mb4_unicode_ci NOT NULL,
  `products_description` varchar(255) COLLATE utf8mb4_unicode_ci DEFAULT NULL,
  `products_stock` int(11) DEFAULT NULL,
  `products_picture` varchar(50) COLLATE utf8mb4_unicode_ci DEFAULT NULL,
  `products_status` tinyint(1) DEFAULT NULL,
  `products_price` decimal(8,2) DEFAULT NULL,
  `rubrique_id` int(11) NOT NULL,
  PRIMARY KEY (`id`),
  KEY `IDX_B3BA5A5A3BD38833` (`rubrique_id`)
) ENGINE=InnoDB AUTO_INCREMENT=103 DEFAULT CHARSET=utf8mb4 COLLATE=utf8mb4_unicode_ci;

--
-- Déchargement des données de la table `products`
--

INSERT INTO `products` (`id`, `products_name`, `products_description`, `products_stock`, `products_picture`, `products_status`, `products_price`, `rubrique_id`) VALUES
(1, 'Chouette guitare acoustique', 'Chouette description de super chouette guitare super acoustique et super pas chère', 5, 'https://picsum.photos/id/1084/290/180', 1, '99.99', 9),
(2, 'Guitare acoustique', 'Super description de très chouette guitare acoustique et super pas chère', 5, 'https://picsum.photos/id/1084/290/180', 1, '199.99', 9),
(3, 'Guitare acoustique ref 1234', 'Guitare acoustique géniale et super pas chère', 5, 'https://picsum.photos/id/1084/290/180', 1, '699.99', 9),
(4, 'Guitare acoustique', 'Très chouette guitare super acoustique et super pas chère', 5, 'https://picsum.photos/id/1084/290/180', 1, '399.99', 9),
(5, 'Produit n°1', 'Blanditiis tempore quis impedit libero at quisquam dolores.', 12, 'https://picsum.photos/id/1084/290/180', 0, '1702.00', 10),
(6, 'Guitare classique', 'Chouette description de super chouette guitare super classique et super pas chère', 5, 'https://picsum.photos/id/1084/290/180', 1, '99.99', 10),
(7, 'Autre guitare classique', 'Chouette guitare super classique et moyennement chère', 5, 'https://picsum.photos/id/1084/290/180', 1, '199.99', 10),
(8, 'Chouette guitare classique', 'Super chouette guitare classique', 5, 'https://picsum.photos/id/1084/290/180', 1, '299.99', 10),
(9, 'Guitare électrique', 'Chouette description de super chouette guitare électrique et super pas chère', 5, 'https://picsum.photos/id/1001/290/180', 1, '99.99', 11),
(10, 'Autre guitare électrique', 'Chouette guitare super électrique et moyennement chère', 5, 'https://picsum.photos/id/1002/290/180', 1, '199.99', 11),
(11, 'Chouette guitare électrique', 'Super chouette guitare électrique', 5, 'https://picsum.photos/id/1003/290/180', 1, '299.99', 11),
(12, 'Produit n°4', 'Vel et corporis dolorem eius hic aliquam quod.', 13, 'https://picsum.photos/id/143/290/180', 0, '2008.00', 11),
(13, 'Produit n°1', 'Et rerum dicta molestias nesciunt eaque reiciendis.', 3, 'https://picsum.photos/id/536/290/180', 0, '4716.00', 12),
(14, 'Produit n°2', 'Praesentium tempora excepturi dicta harum.', 15, 'https://picsum.photos/id/164/290/180', 0, '3899.00', 12),
(15, 'Produit n°3', 'Cum ullam consequatur magni dolores modi qui.', 1, 'https://picsum.photos/id/254/290/180', 1, '1587.00', 12),
(16, 'Produit n°4', 'Hic voluptas alias impedit cumque nemo earum et dolorum.', 19, 'https://picsum.photos/id/734/290/180', 1, '266.00', 12),
(17, 'Produit n°1', 'Dolorum dolor et officiis quo explicabo.', 7, 'https://picsum.photos/id/421/290/180', 0, '1596.00', 13),
(18, 'Produit n°2', 'Maxime corporis et voluptatem aut doloribus maiore...', 5, 'https://picsum.photos/id/1010/290/180', 1, '99.99', 13),
(19, 'Produit n°3', 'Ea aperiam commodi neque distinctio architecto.', 8, 'https://picsum.photos/id/1097/290/180', 1, '2754.00', 13),
(20, 'Produit n°4', 'Possimus voluptas et omnis id.', 18, 'https://picsum.photos/id/195/290/180', 0, '2414.00', 13),
(21, 'Produit n°1', 'Voluptatem quae minus sit occaecati.', 17, 'https://picsum.photos/id/228/290/180', 0, '4228.00', 14),
(22, 'Produit n°2', 'Ipsum exercitationem nulla vero ut.', 6, 'https://picsum.photos/id/161/290/180', 0, '1451.00', 14),
(23, 'Produit n°3', 'Tenetur nesciunt ipsum vel et sapiente tempore iusto dolorum.', 3, 'https://picsum.photos/id/893/290/180', 1, '1050.00', 14),
(24, 'Produit n°4', 'Odit a animi qui et hic.', 10, 'https://picsum.photos/id/785/290/180', 0, '1777.00', 14),
(25, 'Produit n°1', 'Maxime corporis et voluptatem aut doloribus maiores.', 18, 'https://picsum.photos/id/1075/290/180', 1, '4032.00', 15),
(26, 'Produit n°2', 'Quasi sit et culpa laudantium distinctio temporibus fugiat.', 4, 'https://picsum.photos/id/363/290/180', 0, '3615.00', 15),
(27, 'Produit n°3', 'Dolorum dolor et officiis quo explicabo.', 5, 'https://picsum.photos/id/1020/290/180', 1, '199.99', 15),
(28, 'Produit n°4', 'Totam atque natus error fugit qui.', 15, 'https://picsum.photos/id/267/290/180', 1, '3133.00', 15),
(29, 'Produit n°1', 'Nemo dolorem autem et cum dolor.', 10, 'https://picsum.photos/id/612/290/180', 1, '643.00', 16),
(30, 'Produit n°2', 'Nihil consequatur voluptatem nesciunt et.', 5, 'https://picsum.photos/id/286/290/180', 1, '4963.00', 16),
(31, 'Produit n°3', 'Sapiente et velit maiores eos tempore.', 2, 'https://picsum.photos/id/956/290/180', 0, '2723.00', 16),
(32, 'Produit n°4', 'Id et est ut beatae perferendis maxime omnis sint.', 13, 'https://picsum.photos/id/59/290/180', 1, '2357.00', 16),
(33, 'Produit n°1', 'Totam atque natus error fugit qui.', 5, 'https://picsum.photos/id/1030/290/180', 1, '299.99', 17),
(34, 'Produit n°2', 'Quasi est aut est nihil dolore voluptas esse.', 9, 'https://picsum.photos/id/404/290/180', 1, '2272.00', 17),
(35, 'Produit n°3', 'Occaecati debitis amet quod culpa itaque sunt sint reiciendis.', 20, 'https://picsum.photos/id/429/290/180', 1, '1587.00', 17),
(36, 'Produit n°4', 'Tempora enim qui nisi suscipit veniam.', 9, 'https://picsum.photos/id/832/290/180', 1, '1082.00', 17),
(37, 'Produit n°1', 'Totam atque natus error fugit qui.', 5, 'https://picsum.photos/id/1040/290/180', 1, '299.99', 18),
(38, 'Produit n°1', 'Totam atque natus error fugit qui.', 5, 'https://picsum.photos/id/1050/290/180', 1, '299.99', 19),
(39, 'Produit n°1', 'Totam atque natus error fugit qui.', 5, 'https://picsum.photos/id/1060/290/180', 1, '299.99', 20),
(40, 'Produit n°1', 'Totam atque natus error fugit qui.', 5, 'https://picsum.photos/id/1070/290/180', 1, '299.99', 21),
(41, 'Produit n°1', 'Aliquid illum veniam adipisci ullam unde dolorem ea fugit.', 5, 'https://picsum.photos/id/30/290/180', 1, '2413.00', 22),
(42, 'Produit n°1', 'Qui id aliquam enim iure aut.', 14, 'https://picsum.photos/id/720/290/180', 0, '1235.00', 23),
(43, 'Produit n°1', 'Et iusto est voluptas quibusdam.', 13, 'https://picsum.photos/id/930/290/180', 1, '3218.00', 24),
(44, 'Produit n°1', 'Earum earum illo quo recusandae voluptatem.', 1, 'https://picsum.photos/id/296/290/180', 0, '4235.00', 25),
(45, 'Produit n°1', 'Natus dolorum blanditiis iusto qui.', 12, 'https://picsum.photos/id/777/290/180', 1, '1942.00', 26),
(46, 'Produit n°1', 'Totam atque natus error fugit qui.', 5, 'https://picsum.photos/id/1003/290/180', 1, '299.99', 27),
(47, 'Produit n°1', 'Optio rerum mollitia non iusto perferendis.', 3, 'https://picsum.photos/id/304/290/180', 0, '4785.00', 28),
(48, 'Produit n°1', 'Voluptatum sunt voluptas illo quibusdam.', 15, 'https://picsum.photos/id/891/290/180', 1, '624.00', 29),
(49, 'Produit n°1', 'Aliquam consequatur reprehenderit quia aperiam.', 15, 'https://picsum.photos/id/578/290/180', 1, '2505.00', 30),
(50, 'Produit n°1', 'Ab error quis eos.', 12, 'https://picsum.photos/id/904/290/180', 1, '1402.00', 31),
(51, 'Produit n°1', 'Sit eum ex adipisci accusantium.', 16, 'https://picsum.photos/id/883/290/180', 0, '826.00', 32);

-- --------------------------------------------------------

--
-- Structure de la table `purchases`
--

DROP TABLE IF EXISTS `purchases`;
CREATE TABLE IF NOT EXISTS `purchases` (
  `id` int(11) NOT NULL AUTO_INCREMENT,
  `purchases_suppliersref` varchar(50) COLLATE utf8mb4_unicode_ci DEFAULT NULL,
  `purchases_date` date DEFAULT NULL,
  `purchases_price` decimal(8,2) DEFAULT NULL,
  `purchases_quantity` int(11) DEFAULT NULL,
  `suppliers_id` int(11) NOT NULL,
  `products_id` int(11) NOT NULL,
  PRIMARY KEY (`id`),
  KEY `IDX_AA6431FE355AF43` (`suppliers_id`),
  KEY `IDX_AA6431FE6C8A81A9` (`products_id`)
) ENGINE=InnoDB AUTO_INCREMENT=6 DEFAULT CHARSET=utf8mb4 COLLATE=utf8mb4_unicode_ci;

--
-- Déchargement des données de la table `purchases`
--

INSERT INTO `purchases` (`id`, `purchases_suppliersref`, `purchases_date`, `purchases_price`, `purchases_quantity`, `suppliers_id`, `products_id`) VALUES
(1, 'azerty1', '2021-01-18', '20.00', 12, 9, 1),
(2, 'qsdfghj1', '2020-10-18', '45.55', 45, 7, 50),
(3, 'geff124', '2016-01-01', '233.33', 3, 6, 19),
(4, 'wxcvbn,5', '2020-03-18', '122.89', 23, 1, 2),
(5, 'azer56', '2020-10-28', '145.99', 15, 10, 3);

-- --------------------------------------------------------

--
-- Structure de la table `rubrique`
--

DROP TABLE IF EXISTS `rubrique`;
CREATE TABLE IF NOT EXISTS `rubrique` (
  `id` int(11) NOT NULL AUTO_INCREMENT,
  `rubrique_name` varchar(50) COLLATE utf8mb4_unicode_ci DEFAULT NULL,
  `parent_id` int(11) DEFAULT NULL,
  `rubrique_picture` varchar(50) COLLATE utf8mb4_unicode_ci DEFAULT NULL,
  PRIMARY KEY (`id`),
  KEY `IDX_8FA4097C727ACA70` (`parent_id`)
) ENGINE=InnoDB AUTO_INCREMENT=65 DEFAULT CHARSET=utf8mb4 COLLATE=utf8mb4_unicode_ci;

--
-- Déchargement des données de la table `rubrique`
--

INSERT INTO `rubrique` (`id`, `rubrique_name`, `parent_id`, `rubrique_picture`) VALUES
(1, 'Guitares Basses', NULL, 'CATEGORIES guitare.png'),
(2, 'Micros', NULL, 'CATEGORIES micro.png'),
(3, 'Pianos', NULL, 'CATEGORIES piano.png'),
(4, 'Batteries', NULL, 'CATEGORIES batterie.png'),
(5, 'Saxophones', NULL, 'CATEGORIES saxo.png'),
(6, 'Cables', NULL, 'CATEGORIES cable.png'),
(7, 'Cases', NULL, 'CATEGORIES cases.png'),
(8, 'Sono', NULL, 'CATEGORIES sono.png'),
(9, 'Guitares acoustiques', 1, 'gacoustiq.png'),
(10, 'Guitares classiques', 1, 'gclassiq.png'),
(11, 'Guitares électriques', 1, 'gelec.png'),
(12, 'Pianos à queue', 3, 'pianoqueue.png'),
(13, 'Pianos droits', 3, 'pianodroit.png'),
(14, 'Pianos numériques', 3, 'pnumeriq.png'),
(15, 'Saxos altos', 5, 'saxoalto.png'),
(16, 'Saxos barytons', 5, 'saxobaryton.png'),
(17, 'Saxos sopranos', 5, 'saxosoprano.png'),
(18, 'Micros de chant', 2, 'microschant.png'),
(19, 'Micros pour instruments', 2, 'microsinstrument.png'),
(20, 'Micros sans fil', 2, 'microsansfil.png'),
(21, 'Batteries acoustiques', 4, 'bacoustiq.png'),
(22, 'Batteries électroniques', 4, 'belectroniq.png'),
(23, 'Percussions', 4, 'percussions.png'),
(24, 'Boitiers de scène', 6, 'multipaire.png'),
(25, 'Câbles audio', 6, 'cableaudio.png'),
(26, 'Câbles video', 6, 'cablevideo.png'),
(27, 'Flight cases', 7, 'flight.png'),
(28, 'Housses et étuis', 7, 'housse.png'),
(29, 'Systèmes de transport', 7, 'transport.png'),
(30, 'Amplificateurs', 8, 'ampli.png'),
(31, 'Enceintes', 8, 'enceinte.png'),
(32, 'Tables de mixage', 8, 'mixage.png');

-- --------------------------------------------------------

--
-- Structure de la table `suppliers`
--

DROP TABLE IF EXISTS `suppliers`;
CREATE TABLE IF NOT EXISTS `suppliers` (
  `id` int(11) NOT NULL AUTO_INCREMENT,
  `suppliers_name` varchar(255) COLLATE utf8mb4_unicode_ci NOT NULL,
  `suppliers_address` varchar(255) COLLATE utf8mb4_unicode_ci DEFAULT NULL,
  `suppliers_zipcode` varchar(10) COLLATE utf8mb4_unicode_ci DEFAULT NULL,
  `suppliers_city` varchar(100) COLLATE utf8mb4_unicode_ci DEFAULT NULL,
  `suppliers_phone` varchar(50) COLLATE utf8mb4_unicode_ci DEFAULT NULL,
  `supplierstype_id` int(11) NOT NULL,
  PRIMARY KEY (`id`),
  KEY `IDX_AC28B95CEAF08F95` (`supplierstype_id`)
) ENGINE=InnoDB AUTO_INCREMENT=21 DEFAULT CHARSET=utf8mb4 COLLATE=utf8mb4_unicode_ci;

--
-- Déchargement des données de la table `suppliers`
--

INSERT INTO `suppliers` (`id`, `suppliers_name`, `suppliers_address`, `suppliers_zipcode`, `suppliers_city`, `suppliers_phone`, `supplierstype_id`) VALUES
(1, 'Colas SA', '93, chemin Guillaume Thibault', '30 542', 'Brunet-sur-Mer', '01 90 87 21 36', 1),
(2, 'Neveu S.A.S.', '4, rue Dominique Jourdan', '77 506', 'Philippe', '+33 8 06 32 83 80', 1),
(3, 'Mary', '28, impasse de Foucher', '26641', 'Gallet-les-Bains', '0957194734', 1),
(4, 'Goncalves Wagner SARL', '6, impasse de Lebrun', '30 489', 'Lucas', '02 61 36 96 31', 1),
(5, 'Guillot Goncalves et Fils', '32, impasse de Bouvier', '71 838', 'Riviere-sur-Mer', '0580955553', 1),
(6, 'Auger Barbier S.A.S.', '2, avenue de Pottier', '16 776', 'Jourdan-sur-Pasquier', '0130231010', 2),
(7, 'Aubry', '4, impasse Claude Allard', '24 665', 'Lejeune', '07 87 37 81 57', 2),
(8, 'Gaudin Pascal et Fils', '15, rue de Mahe', '24791', 'Blanc-sur-Mer', '06 91 95 09 04', 2),
(9, 'Arnaud SA', '12, place Pons', '08915', 'Adam', '0328526073', 2),
(10, 'Barthelemy', '103, place de Carpentier', '54293', 'Aubert', '+33 (0)3 54 53 58 31', 2);

-- --------------------------------------------------------

--
-- Structure de la table `supplierstype`
--

DROP TABLE IF EXISTS `supplierstype`;
CREATE TABLE IF NOT EXISTS `supplierstype` (
  `id` int(11) NOT NULL AUTO_INCREMENT,
  `supplierstype_name` varchar(50) COLLATE utf8mb4_unicode_ci NOT NULL,
  PRIMARY KEY (`id`)
) ENGINE=InnoDB AUTO_INCREMENT=5 DEFAULT CHARSET=utf8mb4 COLLATE=utf8mb4_unicode_ci;

--
-- Déchargement des données de la table `supplierstype`
--

INSERT INTO `supplierstype` (`id`, `supplierstype_name`) VALUES
(1, 'Constructeur'),
(2, 'Importateur'),
(3, 'Constructeur'),
(4, 'Importateur');

-- --------------------------------------------------------

--
-- Structure de la table `totalorder`
--

DROP TABLE IF EXISTS `totalorder`;
CREATE TABLE IF NOT EXISTS `totalorder` (
  `id` int(11) NOT NULL AUTO_INCREMENT,
  `totalorder_date` date NOT NULL,
  `totalorder_billaddress` varchar(255) COLLATE utf8mb4_unicode_ci DEFAULT NULL,
  `totalorder_deliveryaddress` varchar(255) COLLATE utf8mb4_unicode_ci DEFAULT NULL,
  `totalorder_discount` decimal(8,2) DEFAULT NULL,
  `totalorder_invoicenb` int(11) DEFAULT NULL,
  `totalorder_invoicedate` date DEFAULT NULL,
  `totalorder_deadline` date DEFAULT NULL,
  `status` varchar(255) COLLATE utf8mb4_unicode_ci NOT NULL DEFAULT 'cart',
  `updated_at` date DEFAULT NULL,
  `customers_id` int(11) DEFAULT NULL,
  PRIMARY KEY (`id`),
  KEY `IDX_D614707EC3568B40` (`customers_id`)
) ENGINE=InnoDB AUTO_INCREMENT=848 DEFAULT CHARSET=utf8mb4 COLLATE=utf8mb4_unicode_ci;

--
-- Déchargement des données de la table `totalorder`
--

INSERT INTO `totalorder` (`id`, `totalorder_date`, `totalorder_billaddress`, `totalorder_deliveryaddress`, `totalorder_discount`, `totalorder_invoicenb`, `totalorder_invoicedate`, `totalorder_deadline`, `status`, `updated_at`, `customers_id`) VALUES
(1, '2020-11-22', '43, place Yves Neveu', '45, chemin Lorraine Delmas', '0.00', 477753, '2021-01-07', '2021-03-15', 'facturée', '2021-03-02', 1),
(2, '2020-08-22', 'boulevard Maurice Buisson', '49, impasse Margaux Clement', NULL, 140316, '2021-01-30', NULL, 'facturée', NULL, 1),
(3, '2020-08-11', '309, boulevard Georges Alexandre', '28, impasse de Delahaye', NULL, 201069, '2021-01-24', NULL, 'facturée', NULL, 1),
(4, '2021-01-26', '24, rue Lefevre', 'rue Thierry Bruneau', NULL, 20079, '2021-01-28', NULL, 'facturée', NULL, 1),
(5, '2020-04-24', '80, place Élodie Vallet', '88, rue de Thibault', NULL, 638918, '2021-01-30', NULL, 'facturée', NULL, 1),
(6, '2020-12-28', '80, chemin Baron', '4, boulevard Christophe Lombard', NULL, 776074, '2021-01-26', NULL, 'facturée', NULL, 2),
(7, '2021-01-15', '90, rue de Masse', '66, chemin de Pereira', NULL, 275384, '2021-01-28', NULL, 'facturée', NULL, 2),
(8, '2020-04-12', '427, rue Joly', '218, place Margaud Vidal', NULL, 418830, '2021-01-05', NULL, 'facturée', NULL, 2),
(9, '2021-01-24', '5, chemin Jeanne Lopes', '47, avenue de Marin', NULL, 126456, '2021-01-25', NULL, 'facturée', NULL, 2),
(10, '2020-12-26', '56, place de Pereira', '2, impasse de Martins', NULL, 269135, '2021-01-30', NULL, 'facturée', NULL, 2),
(11, '2020-09-16', '27, boulevard Stéphanie Marion', '83, boulevard René Dupuis', NULL, 871075, '2021-01-14', NULL, 'facturée', NULL, 3),
(12, '2020-11-14', '81, place Klein', '99, place de Georges', NULL, 448894, '2021-02-01', NULL, 'facturée', NULL, 3),
(13, '2020-09-16', '60, place de Ruiz', '97, place Éric Masson', NULL, 155407, '2021-01-26', NULL, 'facturée', NULL, 3),
(14, '2020-02-21', '89, rue Launay', '3, place Seguin', NULL, 27523, '2021-01-07', NULL, 'facturée', NULL, 3),
(15, '2020-05-28', '977, impasse Ferreira', '40, place Hugues Blondel', NULL, 348135, '2021-01-05', NULL, 'facturée', NULL, 3),
(16, '2020-05-19', '5, rue Delattre', '21, rue Garcia', NULL, 719982, '2021-01-14', NULL, 'facturée', NULL, 4),
(17, '2020-05-24', 'rue de Fournier', '582, place Éléonore Ledoux', NULL, 75350, '2021-01-30', NULL, 'facturée', NULL, 4),
(18, '2020-03-20', '567, avenue Laroche', '25, boulevard Blin', NULL, 811600, '2021-01-24', NULL, 'facturée', NULL, 4),
(19, '2020-03-18', '46, place Carre', '6, rue de Hubert', NULL, 712422, '2021-01-21', NULL, 'facturée', NULL, 4),
(20, '2021-01-21', '67, rue Charles Pinto', '83, boulevard de Delmas', NULL, 55786, '2021-01-16', NULL, 'facturée', NULL, 4),
(21, '2021-01-07', '601, place Victoire Traore', 'impasse de Meunier', NULL, 952850, '2021-01-08', NULL, 'facturée', NULL, 5),
(22, '2020-10-30', 'rue de Meunier', '63, rue de Mahe', NULL, 905677, '2021-01-17', NULL, 'facturée', NULL, 5),
(23, '2020-12-18', '87, rue Andrée Carpentier', '44, avenue Alexandrie Moreau', NULL, 402149, '2021-01-04', NULL, 'facturée', NULL, 5),
(24, '2020-10-05', '44, chemin de Berthelot', '44, chemin de Gonzalez', NULL, 169123, '2021-01-13', NULL, 'facturée', NULL, 5),
(25, '2020-06-03', '4, impasse de Mathieu', '52, rue de Blanchet', NULL, 236180, '2021-01-19', NULL, 'facturée', NULL, 5),
(26, '2020-09-18', '41, avenue Louis', '77, boulevard de Labbe', NULL, 423351, '2021-01-21', NULL, 'facturée', NULL, 6),
(27, '2020-04-04', '20, rue Wagner', '60, rue Christine Pereira', NULL, 690402, '2021-01-04', NULL, 'facturée', NULL, 6),
(28, '2020-09-29', 'rue Michèle Cordier', '486, chemin de Laroche', NULL, 220202, '2021-01-18', NULL, 'facturée', NULL, 6),
(29, '2020-11-17', '5, avenue de Blin', '40, rue Pruvost', NULL, 141446, '2021-01-27', NULL, 'facturée', NULL, 6),
(30, '2021-01-30', '80, impasse Matthieu Blanchet', '7, impasse Adrienne Techer', NULL, 607426, '2021-01-06', NULL, 'facturée', NULL, 6),
(31, '2020-04-10', 'avenue de Gilbert', '46, avenue Antoine Prevost', NULL, 721056, '2021-01-10', NULL, 'facturée', NULL, 7),
(32, '2020-07-07', '32, place Lefort', '76, chemin de Humbert', NULL, 365590, '2021-01-17', NULL, 'facturée', NULL, 7),
(33, '2020-05-28', 'avenue Zacharie Lebreton', '52, chemin Laurent Joseph', NULL, 79527, '2021-01-12', NULL, 'facturée', NULL, 7),
(34, '2020-03-07', '47, avenue de Bodin', 'place Joseph Lucas', NULL, 456167, '2021-01-20', NULL, 'facturée', NULL, 7),
(35, '2020-02-11', '281, chemin Jacquet', 'chemin Gallet', NULL, 639359, '2021-01-03', NULL, 'facturée', NULL, 7),
(36, '2020-07-03', '48, avenue Adrien Roussel', '247, boulevard de Hamon', NULL, 162399, '2021-01-09', NULL, 'facturée', NULL, 8),
(37, '2020-09-14', 'rue Bernard Tanguy', '7, rue Christine Perret', NULL, 324171, '2021-01-08', NULL, 'facturée', NULL, 8),
(38, '2020-06-23', '4, chemin Isaac Breton', '98, avenue de Gosselin', NULL, 75887, '2021-01-16', NULL, 'facturée', NULL, 8),
(39, '2020-08-21', 'boulevard de Aubry', '3, chemin François Gillet', NULL, 348563, '2021-01-19', NULL, 'facturée', NULL, 8),
(40, '2020-05-30', '82, chemin de Chevalier', '954, avenue Suzanne Simon', NULL, 810160, '2021-01-27', NULL, 'facturée', NULL, 8),
(41, '2020-03-11', '1, avenue Marc Lebon', 'rue de Riou', NULL, 890854, '2021-01-27', NULL, 'facturée', NULL, 9),
(42, '2020-12-14', '63, avenue Odette Launay', '5, place Noémi Perrier', NULL, 107024, '2021-01-04', NULL, 'facturée', NULL, 9),
(43, '2020-05-08', '71, impasse Lacombe', '6, avenue Marguerite Besson', NULL, 545774, '2021-01-02', NULL, 'facturée', NULL, 9),
(44, '2020-12-28', '39, avenue Humbert', '91, place Bernier', NULL, 265179, '2021-01-20', NULL, 'facturée', NULL, 9),
(45, '2021-01-12', '9, rue Peron', 'avenue de Barre', NULL, 689196, '2021-01-29', NULL, 'facturée', NULL, 9),
(46, '2020-02-05', '42, boulevard Théophile Garcia', '60, rue de Peron', NULL, 231350, '2021-01-31', NULL, 'facturée', NULL, 10),
(47, '2020-12-24', '45, avenue de Petitjean', '47, rue Nathalie Chevalier', NULL, 547742, '2021-01-05', NULL, 'facturée', NULL, 10),
(48, '2020-12-14', '53, rue Thibault Martinez', '91, boulevard de Muller', NULL, 34290, '2021-01-04', NULL, 'facturée', NULL, 10),
(49, '2020-02-14', '68, rue Laurent Leger', '592, boulevard Girard', NULL, 291577, '2021-01-24', NULL, 'facturée', NULL, 10),
(50, '2020-10-15', 'place Astrid Blot', 'rue Margaud Auger', NULL, 631308, '2021-01-24', NULL, 'facturée', NULL, 10),
(51, '2020-02-02', '4, place Benard', 'rue Astrid Simon', NULL, 462360, '2021-01-11', NULL, 'facturée', NULL, 11),
(52, '2020-03-10', '18, rue Alexandria Joly', 'place de Lagarde', NULL, 371157, '2021-01-07', NULL, 'facturée', NULL, 11),
(53, '2020-09-15', '735, boulevard Manon Gomes', '319, avenue de Pasquier', NULL, 759845, '2021-01-14', NULL, 'facturée', NULL, 11),
(54, '2020-03-23', '62, chemin Corinne Perret', '94, place de Labbe', NULL, 373266, '2021-01-13', NULL, 'facturée', NULL, 11),
(55, '2021-01-01', '75, avenue de Thierry', '51, rue de Jacques', NULL, 386492, '2021-01-03', NULL, 'facturée', NULL, 11),
(56, '2020-03-16', '98, chemin Claude Hardy', '43, rue Jeannine Laroche', NULL, 215227, '2021-01-31', NULL, 'facturée', NULL, 12),
(57, '2020-12-14', '7, chemin Boulanger', '3, boulevard de Monnier', NULL, 851358, '2021-01-27', NULL, 'facturée', NULL, 12),
(58, '2020-12-01', '74, rue Augustin Jacob', '22, chemin de Herve', NULL, 179389, '2021-01-11', NULL, 'facturée', NULL, 12),
(59, '2020-04-25', '84, chemin Madeleine Ramos', '83, avenue de Tessier', NULL, 90074, '2021-01-08', NULL, 'facturée', NULL, 12),
(60, '2020-02-17', 'boulevard de Vasseur', '46, rue Pichon', NULL, 964917, '2021-01-27', NULL, 'facturée', NULL, 12),
(61, '2020-02-26', '27, rue Lagarde', '5, rue Salmon', NULL, 274710, '2021-01-02', NULL, 'facturée', NULL, 13),
(62, '2020-09-12', '4, boulevard de Vasseur', '607, rue de Hamel', NULL, 757292, '2021-01-29', NULL, 'facturée', NULL, 13),
(63, '2021-01-08', '421, rue de Da Costa', '11, chemin Lenoir', NULL, 414968, '2021-01-20', NULL, 'facturée', NULL, 13),
(64, '2020-09-22', 'boulevard Thibaut Millet', '15, impasse Nicolas', NULL, 20251, '2021-01-26', NULL, 'facturée', NULL, 13),
(65, '2020-07-30', '33, avenue Lenoir', '72, boulevard de Begue', NULL, 97826, '2021-01-09', NULL, 'facturée', NULL, 13),
(66, '2020-02-12', '564, rue Hoareau', '999, rue de Riviere', NULL, 229310, '2021-01-03', NULL, 'facturée', NULL, 14),
(67, '2020-08-30', '37, boulevard Pages', '56, boulevard Bourdon', NULL, 492824, '2021-01-15', NULL, 'facturée', NULL, 14),
(68, '2020-09-27', 'place de Pages', '89, boulevard de Adam', NULL, 443219, '2021-01-24', NULL, 'facturée', NULL, 14),
(69, '2020-11-30', '80, rue Dias', '9, impasse de Rodriguez', NULL, 316214, '2021-01-15', NULL, 'facturée', NULL, 14),
(70, '2020-10-08', '35, boulevard Cohen', '7, rue Aimé Verdier', NULL, 454183, '2021-01-29', NULL, 'facturée', NULL, 14),
(71, '2021-01-16', '768, boulevard Clement', '6, rue Antoine', NULL, 995283, '2021-02-01', NULL, 'facturée', NULL, 15),
(72, '2020-08-27', '122, rue de Lejeune', '4, boulevard Rodrigues', NULL, 667349, '2021-02-01', NULL, 'facturée', NULL, 15),
(73, '2020-12-07', '6, chemin de Masse', '82, place Célina Herve', NULL, 761374, '2021-01-24', NULL, 'facturée', NULL, 15),
(74, '2020-08-31', '80, impasse François Rodriguez', '74, boulevard de Marques', NULL, 52034, '2021-01-29', NULL, 'facturée', NULL, 15),
(75, '2021-01-21', '67, avenue de Dupont', '80, rue Sébastien Marion', NULL, 273272, '2021-01-16', NULL, 'facturée', NULL, 15),
(76, '2020-08-01', '4, chemin Élodie Bouchet', '4, place de Martins', NULL, 896440, '2021-02-02', NULL, 'facturée', NULL, 16),
(77, '2021-01-08', '26, place Gay', '34, chemin de Noel', NULL, 655470, '2021-01-20', NULL, 'facturée', NULL, 16),
(78, '2020-10-11', '30, rue Diane Bruneau', '1, impasse Thibault Joubert', NULL, 278133, '2021-01-30', NULL, 'facturée', NULL, 16),
(79, '2020-03-14', '2, rue Carlier', '406, chemin Collin', NULL, 817998, '2021-01-27', NULL, 'facturée', NULL, 16),
(80, '2020-02-19', '94, avenue de Blanchard', '76, rue Dominique Samson', NULL, 226473, '2021-01-20', NULL, 'facturée', NULL, 16),
(81, '2020-02-08', '90, rue Marie Humbert', '9, chemin Delmas', NULL, 821370, '2021-01-08', NULL, 'facturée', NULL, 17),
(82, '2020-09-24', '2, avenue Auguste Foucher', '40, boulevard Hugues Allain', NULL, 605650, '2021-01-11', NULL, 'facturée', NULL, 17),
(83, '2021-01-26', '71, chemin Valérie Marechal', 'chemin de Martineau', NULL, 68767, '2021-01-19', NULL, 'facturée', NULL, 17),
(84, '2021-01-15', '80, impasse Rousset', '92, avenue Rodrigues', NULL, 678826, '2021-01-14', NULL, 'facturée', NULL, 17),
(85, '2020-04-07', '112, avenue Denise Weiss', '992, boulevard Carre', NULL, 895545, '2021-01-05', NULL, 'facturée', NULL, 17),
(86, '2020-09-10', 'rue de Millet', '86, rue Charrier', NULL, 918167, '2021-01-26', NULL, 'facturée', NULL, 18),
(87, '2020-11-06', '68, avenue Xavier Fouquet', 'impasse de Munoz', NULL, 408137, '2021-01-09', NULL, 'facturée', NULL, 18),
(88, '2020-07-06', '73, avenue de Meunier', '30, rue de Hamon', NULL, 346011, '2021-02-02', NULL, 'facturée', NULL, 18),
(89, '2021-01-04', '500, rue Voisin', '52, avenue Picard', NULL, 45771, '2021-01-10', NULL, 'facturée', NULL, 18),
(90, '2020-06-19', '75, boulevard de Etienne', '789, place de Bailly', NULL, 284397, '2021-01-25', NULL, 'facturée', NULL, 18),
(91, '2020-10-25', '54, place de Henry', '93, chemin de Daniel', NULL, 135, '2021-01-14', NULL, 'facturée', NULL, 19),
(92, '2020-02-22', '54, impasse de Gautier', '32, boulevard de Girard', NULL, 152269, '2021-01-30', NULL, 'facturée', NULL, 19),
(93, '2020-07-16', '56, impasse de Lemaitre', '9, avenue François Chevallier', NULL, 683706, '2021-01-22', NULL, 'facturée', NULL, 19),
(94, '2021-01-24', 'impasse de Guilbert', '595, impasse Jérôme Riou', NULL, 660683, '2021-01-07', NULL, 'facturée', NULL, 19),
(95, '2020-05-31', '38, rue Coste', 'chemin Vincent Paris', NULL, 45101, '2021-01-22', NULL, 'facturée', NULL, 19),
(96, '2020-08-13', 'boulevard de Dupre', '882, chemin de Gimenez', NULL, 311445, '2021-01-13', NULL, 'facturée', NULL, 20),
(97, '2020-10-28', '3, avenue Peron', '82, boulevard Agathe Schneider', NULL, 303349, '2021-01-27', NULL, 'facturée', NULL, 20),
(98, '2020-08-26', '2, chemin Couturier', '13, boulevard Leconte', NULL, 134163, '2021-01-07', NULL, 'facturée', NULL, 20),
(99, '2020-07-10', '61, place Benoît Julien', 'rue Adrienne Grenier', NULL, 178758, '2021-01-20', NULL, 'facturée', NULL, 20),
(100, '2020-12-09', '887, boulevard de Meunier', '1, rue Leroy', NULL, 725728, '2021-01-29', NULL, 'facturée', NULL, 20),
(101, '2020-08-26', '205, impasse Lucy Brun', '640, rue Fouquet', NULL, 155625, '2021-01-09', NULL, 'facturée', NULL, 21),
(102, '2020-05-17', '9, chemin Weber', '77, rue de Philippe', NULL, 66836, '2021-01-10', NULL, 'facturée', NULL, 21),
(103, '2020-04-04', '3, rue de Laroche', '36, avenue Poirier', NULL, 954847, '2021-01-09', NULL, 'facturée', NULL, 21),
(104, '2020-07-09', '9, boulevard Collin', '64, chemin Perret', NULL, 436059, '2021-01-21', NULL, 'facturée', NULL, 21),
(105, '2020-05-24', '81, rue de Le Goff', '11, boulevard André Bonneau', NULL, 253921, '2021-01-07', NULL, 'facturée', NULL, 21),
(106, '2020-06-20', 'impasse de Robin', '5, rue Alice Sanchez', NULL, 919159, '2021-01-03', NULL, 'facturée', NULL, 22),
(107, '2020-03-21', 'rue Renaud', 'chemin Aimée Joubert', NULL, 229117, '2021-01-26', NULL, 'facturée', NULL, 22),
(108, '2020-02-29', '17, chemin Philippine Pereira', '280, place Étienne Vaillant', NULL, 69169, '2021-01-20', NULL, 'facturée', NULL, 22),
(109, '2020-04-30', '40, place Gilbert', '4, boulevard de Legrand', NULL, 559706, '2021-01-17', NULL, 'facturée', NULL, 22),
(110, '2020-11-04', '66, chemin Cohen', '267, impasse de Barre', NULL, 378761, '2021-01-03', NULL, 'facturée', NULL, 22),
(111, '2020-08-23', '876, rue Théodore Tessier', 'boulevard Moreno', NULL, 563584, '2021-01-28', NULL, 'facturée', NULL, 23),
(112, '2020-04-16', '52, boulevard Françoise Dufour', '932, rue de Salmon', NULL, 390460, '2021-01-31', NULL, 'facturée', NULL, 23),
(113, '2020-11-04', '71, rue Benjamin Morvan', 'avenue Fernandez', NULL, 260838, '2021-01-15', NULL, 'facturée', NULL, 23),
(114, '2020-08-16', '665, rue Valentine Bourgeois', '639, rue de Martins', NULL, 594262, '2021-01-13', NULL, 'facturée', NULL, 23),
(115, '2020-07-18', '69, place Luc Labbe', '806, boulevard de Gallet', NULL, 955738, '2021-01-30', NULL, 'facturée', NULL, 23),
(116, '2020-11-13', '97, avenue Jacques Benard', '47, rue Charlotte Dupont', NULL, 210255, '2021-01-24', NULL, 'facturée', NULL, 24),
(117, '2020-03-01', '859, place Thierry Faivre', '29, rue Jean Salmon', NULL, 128898, '2021-01-05', NULL, 'facturée', NULL, 24),
(118, '2020-07-28', '525, rue de Fernandes', '2, avenue Fouquet', NULL, 782516, '2021-01-25', NULL, 'facturée', NULL, 24),
(119, '2020-06-01', 'chemin Cohen', '581, chemin Richard Munoz', NULL, 216977, '2021-01-13', NULL, 'facturée', NULL, 24),
(120, '2020-05-07', '916, place de Philippe', '65, impasse Anastasie Raynaud', NULL, 202709, '2021-01-23', NULL, 'facturée', NULL, 24),
(121, '2020-09-20', '170, chemin Sauvage', '7, impasse Margaud Collin', NULL, 768324, '2021-01-19', NULL, 'facturée', NULL, 25),
(122, '2020-11-24', '18, place Véronique Hamel', '538, impasse Potier', NULL, 557407, '2021-01-26', NULL, 'facturée', NULL, 25),
(123, '2020-07-10', 'chemin Capucine Da Costa', '5, impasse de Renault', NULL, 776016, '2021-01-15', NULL, 'facturée', NULL, 25),
(124, '2020-02-27', '3, rue Da Costa', '578, avenue Cousin', NULL, 911477, '2021-01-02', NULL, 'facturée', NULL, 25),
(125, '2020-06-18', 'avenue Christelle Roux', '67, impasse de Lagarde', NULL, 34530, '2021-01-03', NULL, 'facturée', NULL, 25),
(126, '2021-02-01', '314, rue Delannoy', '962, impasse de Schneider', NULL, 643017, '2021-01-08', NULL, 'facturée', NULL, 26),
(127, '2020-07-06', '803, avenue Hugues Gauthier', '24, place Zoé Denis', NULL, 782990, '2021-01-12', NULL, 'facturée', NULL, 26),
(128, '2020-12-23', '5, rue de Bruneau', '79, impasse Auguste Lacombe', NULL, 517739, '2021-01-22', NULL, 'facturée', NULL, 26),
(129, '2020-12-13', 'rue Rossi', 'impasse Stéphane Guibert', NULL, 963459, '2021-01-27', NULL, 'facturée', NULL, 26),
(130, '2020-04-02', '6, place Lucy Grondin', '7, chemin de Grondin', NULL, 616964, '2021-01-31', NULL, 'facturée', NULL, 26),
(131, '2021-01-20', 'avenue Weiss', '543, impasse Blot', NULL, 598881, '2021-01-27', NULL, 'facturée', NULL, 27),
(132, '2021-01-15', '86, boulevard de Dupont', '172, boulevard Dupuis', NULL, 822187, '2021-01-15', NULL, 'facturée', NULL, 27),
(133, '2020-03-08', '24, rue Luc Dupre', '925, rue Berger', NULL, 647562, '2021-01-29', NULL, 'facturée', NULL, 27),
(134, '2020-07-11', '935, place Théodore Charrier', '91, chemin Alexandre', NULL, 525676, '2021-01-15', NULL, 'facturée', NULL, 27),
(135, '2020-07-08', '25, impasse Hardy', '875, chemin Augustin Dias', NULL, 601468, '2021-02-01', NULL, 'facturée', NULL, 27),
(136, '2020-11-09', '47, impasse Colas', '764, chemin Maillot', NULL, 105166, '2021-01-28', NULL, 'facturée', NULL, 28),
(137, '2020-03-18', '20, avenue Louis Antoine', 'impasse Philippine Georges', NULL, 59981, '2021-01-26', NULL, 'facturée', NULL, 28),
(138, '2020-09-22', 'chemin Coste', '8, chemin Victor Lejeune', NULL, 624138, '2021-01-12', NULL, 'facturée', NULL, 28),
(139, '2020-11-04', '23, boulevard de Maurice', '6, boulevard de Devaux', NULL, 378754, '2021-01-28', NULL, 'facturée', NULL, 28),
(140, '2020-02-23', 'rue Juliette Ollivier', '744, place Jeannine Clement', NULL, 40773, '2021-01-13', NULL, 'facturée', NULL, 28),
(141, '2020-06-29', '2, place de Thibault', '11, rue Raymond Maillet', NULL, 298199, '2021-01-21', NULL, 'facturée', NULL, 29),
(142, '2020-09-30', '985, rue Christiane Bertin', '18, avenue Aimée Guillet', NULL, 172809, '2021-01-11', NULL, 'facturée', NULL, 29),
(143, '2021-01-23', '200, rue Joseph Lenoir', 'boulevard de Perrin', NULL, 952708, '2021-01-22', NULL, 'facturée', NULL, 29),
(144, '2020-07-16', 'rue de Rodriguez', '510, place Camus', NULL, 508876, '2021-01-06', NULL, 'facturée', NULL, 29),
(145, '2020-05-30', '32, boulevard Roche', '737, impasse Ferreira', NULL, 440593, '2021-01-28', NULL, 'facturée', NULL, 29),
(146, '2021-01-25', '275, boulevard Albert', '4, rue Astrid Hernandez', NULL, 802577, '2021-01-12', NULL, 'facturée', NULL, 30),
(147, '2020-08-07', '41, place Laure Rey', 'chemin Cohen', NULL, 3840, '2021-01-08', NULL, 'facturée', NULL, 30),
(148, '2020-02-03', '40, impasse de Boulay', '73, place Fabre', NULL, 947253, '2021-01-21', NULL, 'facturée', NULL, 30),
(149, '2020-09-07', 'boulevard Carpentier', '70, rue Pascal', NULL, 447651, '2021-01-03', NULL, 'facturée', NULL, 30),
(150, '2020-06-15', '83, avenue Gallet', '41, rue de Guilbert', NULL, 755008, '2021-01-28', NULL, 'facturée', NULL, 30),
(151, '2020-09-25', '41, rue Pauline Guilbert', '242, rue Loiseau', NULL, 392548, '2021-01-08', NULL, 'facturée', NULL, 31),
(152, '2020-09-18', '18, boulevard de Martinez', '371, rue de Sanchez', NULL, 69278, '2021-01-28', NULL, 'facturée', NULL, 31),
(153, '2020-11-23', '802, place Masse', 'rue Jacques Joly', NULL, 642334, '2021-01-13', NULL, 'facturée', NULL, 31),
(154, '2020-05-25', 'chemin Bouvier', '58, rue de Pichon', NULL, 504551, '2021-01-08', NULL, 'facturée', NULL, 31),
(155, '2020-04-21', '968, rue David Morel', 'place Antoine Costa', NULL, 718386, '2021-01-16', NULL, 'facturée', NULL, 31),
(156, '2020-07-06', '92, rue de Teixeira', '34, rue Bonnet', NULL, 697746, '2021-01-29', NULL, 'facturée', NULL, 32),
(157, '2020-12-26', '926, chemin Léon Morin', '43, avenue Mercier', NULL, 58852, '2021-01-24', NULL, 'facturée', NULL, 32),
(158, '2020-04-23', '46, rue Dupuy', '2, chemin de Pascal', NULL, 629330, '2021-01-10', NULL, 'facturée', NULL, 32),
(159, '2020-09-16', '7, boulevard Launay', 'rue de Sauvage', NULL, 240571, '2021-02-02', NULL, 'facturée', NULL, 32),
(160, '2020-03-11', '26, avenue Chevalier', '860, impasse Moulin', NULL, 771113, '2021-01-24', NULL, 'facturée', NULL, 32),
(161, '2020-09-03', '1, rue Bruneau', '80, avenue de Lagarde', NULL, 528745, '2021-01-02', NULL, 'facturée', NULL, 33),
(162, '2020-12-25', '941, avenue Gilles Legros', '64, avenue de Bouchet', NULL, 972828, '2021-01-07', NULL, 'facturée', NULL, 33),
(163, '2020-10-27', 'boulevard Klein', '19, boulevard Letellier', NULL, 948089, '2021-01-28', NULL, 'facturée', NULL, 33),
(164, '2020-03-22', '4, chemin Tristan Thibault', '96, chemin Petit', NULL, 417985, '2021-01-10', NULL, 'facturée', NULL, 33),
(165, '2020-02-24', '94, chemin de Deschamps', '69, rue de Normand', NULL, 859503, '2021-01-07', NULL, 'facturée', NULL, 33),
(166, '2020-09-11', 'rue Lucie Gimenez', '77, chemin Begue', NULL, 625230, '2021-01-06', NULL, 'facturée', NULL, 34),
(167, '2020-12-17', '47, chemin Théodore Ribeiro', '601, rue Leconte', NULL, 625738, '2021-01-21', NULL, 'facturée', NULL, 34),
(168, '2020-04-09', 'place Antoinette Lemaitre', '784, rue de Foucher', NULL, 667776, '2021-01-28', NULL, 'facturée', NULL, 34),
(169, '2020-03-23', '9, rue de Toussaint', '627, rue de Bailly', NULL, 504219, '2021-01-13', NULL, 'facturée', NULL, 34),
(170, '2020-06-13', '604, boulevard Agathe Etienne', '69, place de Daniel', NULL, 988287, '2021-01-21', NULL, 'facturée', NULL, 34),
(171, '2020-02-04', '19, rue de Lebrun', '681, rue Stéphane Julien', NULL, 133584, '2021-01-14', NULL, 'facturée', NULL, 35),
(172, '2021-01-12', '32, boulevard de Guibert', 'impasse Christiane Levy', NULL, 10382, '2021-01-03', NULL, 'facturée', NULL, 35),
(173, '2020-10-08', '23, avenue de Jacques', '30, avenue de Garcia', NULL, 593454, '2021-01-24', NULL, 'facturée', NULL, 35),
(174, '2020-09-30', '60, place de Guyot', 'rue Hebert', NULL, 455012, '2021-02-02', NULL, 'facturée', NULL, 35),
(175, '2020-06-02', '42, avenue Stéphanie Blanchet', '73, rue Laurent Meyer', NULL, 673891, '2021-01-03', NULL, 'facturée', NULL, 35),
(176, '2020-11-12', '58, avenue Blin', '71, impasse de Lambert', NULL, 393982, '2021-01-20', NULL, 'facturée', NULL, 36),
(177, '2021-01-12', '24, avenue Rémy Potier', '28, rue Frédérique Pages', NULL, 75890, '2021-01-03', NULL, 'facturée', NULL, 36),
(178, '2020-12-30', '96, rue de Ferrand', '91, boulevard de Hardy', NULL, 535666, '2021-01-23', NULL, 'facturée', NULL, 36),
(179, '2020-04-22', '42, place Émile Legros', '89, rue de Torres', NULL, 647806, '2021-01-20', NULL, 'facturée', NULL, 36),
(180, '2020-05-28', 'boulevard Michelle Lemaitre', '631, chemin de Bazin', NULL, 533643, '2021-01-30', NULL, 'facturée', NULL, 36),
(181, '2020-03-04', '92, place Lucy Antoine', '86, place de Schneider', NULL, 981565, '2021-01-24', NULL, 'facturée', NULL, 37),
(182, '2020-05-20', '75, chemin Alex Picard', '59, rue Anaïs Lopes', NULL, 362334, '2021-01-20', NULL, 'facturée', NULL, 37),
(183, '2020-11-30', '97, impasse de Leblanc', '13, impasse Amélie Morvan', NULL, 507001, '2021-01-26', NULL, 'facturée', NULL, 37),
(184, '2020-12-26', '76, avenue de Schneider', '8, boulevard de Herve', NULL, 663244, '2021-01-04', NULL, 'facturée', NULL, 37),
(185, '2020-04-07', '3, impasse Nathalie Bigot', 'rue de Rodriguez', NULL, 959960, '2021-01-19', NULL, 'facturée', NULL, 37),
(186, '2020-10-07', '8, chemin Julien Antoine', '26, place de Huet', NULL, 659497, '2021-01-04', NULL, 'facturée', NULL, 38),
(187, '2020-06-06', '1, boulevard de Bonneau', '13, avenue de Pires', NULL, 126137, '2021-01-05', NULL, 'facturée', NULL, 38),
(188, '2020-04-16', '5, boulevard Sylvie Delattre', '996, avenue de Valentin', NULL, 161703, '2021-02-02', NULL, 'facturée', NULL, 38),
(189, '2020-07-01', '9, rue Marion', 'rue Hamel', NULL, 730226, '2021-01-03', NULL, 'facturée', NULL, 38),
(190, '2020-09-13', '998, place Humbert', '12, place Vidal', NULL, 464794, '2021-01-26', NULL, 'facturée', NULL, 38),
(191, '2021-01-23', '94, rue Gallet', '80, place Brunet', NULL, 121622, '2021-01-28', NULL, 'facturée', NULL, 39),
(192, '2020-05-29', 'impasse Nicolas Bertrand', 'rue de Payet', NULL, 49920, '2021-02-01', NULL, 'facturée', NULL, 39),
(193, '2020-08-22', '953, rue André Duhamel', '19, rue Riviere', NULL, 849790, '2021-01-21', NULL, 'facturée', NULL, 39),
(194, '2020-04-18', 'place de Charpentier', '16, avenue Chartier', NULL, 200886, '2021-01-04', NULL, 'facturée', NULL, 39),
(195, '2020-02-09', '73, chemin Louise Letellier', '70, boulevard Lamy', NULL, 370962, '2021-01-25', NULL, 'facturée', NULL, 39),
(196, '2020-02-14', '98, place de Martins', '44, rue de Lagarde', NULL, 59752, '2021-02-01', NULL, 'facturée', NULL, 40),
(197, '2021-01-10', '87, chemin Arnaud', 'avenue Lefort', NULL, 603612, '2021-01-06', NULL, 'facturée', NULL, 40),
(198, '2020-05-22', 'boulevard de Valentin', '2, place de Chretien', NULL, 233537, '2021-01-17', NULL, 'facturée', NULL, 40),
(199, '2020-10-25', '10, place Delorme', '27, chemin de Diaz', NULL, 493861, '2021-01-24', NULL, 'facturée', NULL, 40),
(200, '2020-04-02', '990, chemin Christophe Turpin', '4, boulevard Leveque', NULL, 875935, '2021-01-25', NULL, 'facturée', NULL, 40),
(201, '2020-08-13', '2, avenue de Bertin', '4, avenue de Antoine', NULL, 481414, '2021-01-08', NULL, 'facturée', NULL, 41),
(202, '2020-04-09', '55, impasse Gomez', '3, rue Allard', NULL, 756832, '2021-02-02', NULL, 'facturée', NULL, 41),
(203, '2020-05-07', '8, boulevard Laroche', 'impasse de Lemonnier', NULL, 465417, '2021-01-26', NULL, 'facturée', NULL, 41),
(204, '2020-09-14', '511, avenue Vallee', 'place Maryse Breton', NULL, 642167, '2021-01-27', NULL, 'facturée', NULL, 41),
(205, '2020-10-01', 'boulevard de Payet', '773, chemin de Dos Santos', NULL, 703699, '2021-01-16', NULL, 'facturée', NULL, 41),
(206, '2020-11-21', '42, rue Paul', '38, rue de Carlier', NULL, 520041, '2021-01-29', NULL, 'facturée', NULL, 42),
(207, '2021-01-06', '69, place de Masson', 'rue de Couturier', NULL, 54310, '2021-01-25', NULL, 'facturée', NULL, 42),
(208, '2020-03-26', '28, impasse de Maury', '933, boulevard Mathilde Lefebvre', NULL, 598495, '2021-01-22', NULL, 'facturée', NULL, 42),
(209, '2020-06-21', '11, place Corinne Albert', 'rue Margot Marchal', NULL, 43880, '2021-01-06', NULL, 'facturée', NULL, 42),
(210, '2020-06-11', '45, impasse de Berthelot', '978, impasse Roland Fouquet', NULL, 941540, '2021-01-11', NULL, 'facturée', NULL, 42),
(211, '2020-05-22', '705, avenue de Pottier', '7, boulevard Capucine Leblanc', NULL, 920514, '2021-01-16', NULL, 'facturée', NULL, 43),
(212, '2020-02-22', 'avenue Huet', 'place Perrin', NULL, 851174, '2021-01-31', NULL, 'facturée', NULL, 43),
(213, '2020-11-24', '499, avenue Barthelemy', '848, rue Picard', NULL, 565321, '2021-01-25', NULL, 'facturée', NULL, 43),
(214, '2020-03-24', 'impasse de Fabre', '93, rue Amélie Guibert', NULL, 352356, '2021-01-05', NULL, 'facturée', NULL, 43),
(215, '2020-12-17', '60, place Leconte', '35, chemin de Daniel', NULL, 634334, '2021-01-11', NULL, 'facturée', NULL, 43),
(216, '2020-04-22', '81, chemin Laroche', '84, impasse de Paul', NULL, 668287, '2021-01-30', NULL, 'facturée', NULL, 44),
(217, '2020-05-29', '41, place Ribeiro', 'rue Noël Leroux', NULL, 728950, '2021-01-02', NULL, 'facturée', NULL, 44),
(218, '2020-03-16', '61, impasse Nathalie Leclerc', '89, impasse Étienne Jacob', NULL, 438822, '2021-01-13', NULL, 'facturée', NULL, 44),
(219, '2020-11-01', '67, place de Reynaud', '4, chemin de Rocher', NULL, 137701, '2021-01-05', NULL, 'facturée', NULL, 44),
(220, '2020-09-07', 'chemin de Becker', '518, place Lorraine Gilbert', NULL, 259009, '2021-01-17', NULL, 'facturée', NULL, 44),
(221, '2020-05-04', '3, avenue Théodore Hebert', '6, avenue Paul', NULL, 495598, '2021-01-18', NULL, 'facturée', NULL, 45),
(222, '2020-12-25', 'rue de Seguin', '280, place de Renaud', NULL, 20456, '2021-01-19', NULL, 'facturée', NULL, 45),
(223, '2021-01-06', '60, avenue Guyon', '400, rue Aurélie Gautier', NULL, 787711, '2021-01-03', NULL, 'facturée', NULL, 45),
(224, '2020-10-31', '70, chemin Collet', 'rue Perrot', NULL, 694687, '2021-01-20', NULL, 'facturée', NULL, 45),
(225, '2020-11-28', '7, chemin de Guerin', '64, rue Michelle Pages', NULL, 534844, '2021-01-05', NULL, 'facturée', NULL, 45),
(226, '2020-10-08', '7, avenue de Joseph', '66, chemin de Dumas', NULL, 840603, '2021-01-21', NULL, 'facturée', NULL, 46),
(227, '2020-09-07', 'rue Launay', '45, boulevard de Pasquier', NULL, 416149, '2021-01-04', NULL, 'facturée', NULL, 46),
(228, '2020-06-23', '9, boulevard de Joubert', '56, rue Maurice Lemoine', NULL, 464591, '2021-01-19', NULL, 'facturée', NULL, 46),
(229, '2020-10-26', 'place Madeleine Leclercq', '89, rue de Bousquet', NULL, 877166, '2021-01-03', NULL, 'facturée', NULL, 46),
(230, '2020-08-30', '78, boulevard de Gomes', '89, rue de Rossi', NULL, 390597, '2021-01-09', NULL, 'facturée', NULL, 46),
(231, '2020-04-30', '60, impasse Guillaume Hebert', '93, avenue Paulette Adam', NULL, 926106, '2021-01-25', NULL, 'facturée', NULL, 47),
(232, '2020-04-21', '69, avenue Jacques Munoz', '9, chemin Caron', NULL, 771750, '2021-01-11', NULL, 'facturée', NULL, 47),
(233, '2020-10-18', 'place Couturier', '19, rue Durand', NULL, 157910, '2021-01-19', NULL, 'facturée', NULL, 47),
(234, '2020-11-24', '61, place Maggie Mendes', 'impasse Dumas', NULL, 983798, '2021-01-26', NULL, 'facturée', NULL, 47),
(235, '2020-04-21', '3, chemin Benard', '17, impasse de Dupont', NULL, 43413, '2021-01-23', NULL, 'facturée', NULL, 47),
(236, '2020-07-10', '70, impasse Hugues Bouvet', 'avenue Berthelot', NULL, 357365, '2021-01-13', NULL, 'facturée', NULL, 48),
(237, '2020-02-29', '781, rue de Laine', '618, boulevard Robin', NULL, 663345, '2021-01-12', NULL, 'facturée', NULL, 48),
(238, '2020-10-21', '151, rue de Jourdan', '91, rue de Francois', NULL, 782517, '2021-02-01', NULL, 'facturée', NULL, 48),
(239, '2020-03-09', 'rue de Munoz', 'chemin Weiss', NULL, 618997, '2021-01-17', NULL, 'facturée', NULL, 48),
(240, '2020-04-04', '85, rue Bouvet', '38, rue de Gaudin', NULL, 798693, '2021-01-17', NULL, 'facturée', NULL, 48),
(241, '2020-04-13', '88, chemin Meunier', '28, rue de Carlier', NULL, 168707, '2021-01-03', NULL, 'facturée', NULL, 49),
(242, '2020-02-07', '12, place Dupuy', '262, avenue de Lemaire', NULL, 670462, '2021-01-19', NULL, 'facturée', NULL, 49),
(243, '2020-10-26', '59, impasse Denis Lecoq', 'place Bazin', NULL, 23714, '2021-01-21', NULL, 'facturée', NULL, 49),
(244, '2020-08-01', '561, rue Germain', 'place Emmanuel Vallet', NULL, 232034, '2021-01-31', NULL, 'facturée', NULL, 49),
(245, '2020-04-01', '888, avenue Paul Peron', '1, chemin de Gimenez', NULL, 303056, '2021-01-14', NULL, 'facturée', NULL, 49),
(246, '2020-05-22', '4, place Roche', '6, rue Didier', NULL, 655921, '2021-01-16', NULL, 'facturée', NULL, 50),
(247, '2020-03-24', '9, rue de Lefebvre', '89, rue de Klein', NULL, 850724, '2021-01-06', NULL, 'facturée', NULL, 50),
(248, '2020-04-17', '4, rue Hortense Leroux', '6, boulevard de Pineau', NULL, 188923, '2021-01-24', NULL, 'facturée', NULL, 50),
(249, '2020-03-04', '69, avenue Auguste Chauvin', '10, impasse Éric Francois', NULL, 983220, '2021-01-10', NULL, 'facturée', NULL, 50),
(250, '2021-01-06', '88, rue Gillet', '77, boulevard de Texier', NULL, 174485, '2021-01-31', NULL, 'facturée', NULL, 50),
(251, '2020-04-21', '38, impasse de Launay', '29, place Françoise Pires', NULL, 648917, '2021-01-09', NULL, 'facturée', NULL, 51),
(252, '2020-09-02', '66, impasse Auger', '805, place Adrien Giraud', NULL, 220178, '2021-01-21', NULL, 'facturée', NULL, 51),
(253, '2020-10-01', '7, impasse Noémi Clerc', '558, rue Franck Besnard', NULL, 814474, '2021-01-30', NULL, 'facturée', NULL, 51),
(254, '2020-06-30', 'chemin Céline Lopez', '42, rue de Joseph', NULL, 885249, '2021-01-05', NULL, 'facturée', NULL, 51),
(255, '2020-11-21', '98, avenue Adrien Dubois', '9, place de Leroux', NULL, 784240, '2021-01-23', NULL, 'facturée', NULL, 51),
(256, '2020-06-02', '38, impasse de Guillou', '81, boulevard Marguerite Rey', NULL, 975248, '2021-01-20', NULL, 'facturée', NULL, 52),
(257, '2020-06-12', '54, avenue de Foucher', '656, chemin Roux', NULL, 47631, '2021-01-08', NULL, 'facturée', NULL, 52),
(258, '2020-05-10', '84, rue Jacques', '13, place de Lebreton', NULL, 303335, '2021-01-19', NULL, 'facturée', NULL, 52),
(259, '2020-06-15', '754, avenue Besnard', '75, place Lefevre', NULL, 655132, '2021-01-19', NULL, 'facturée', NULL, 52),
(260, '2020-11-11', 'rue Mercier', '59, place Hortense Leroy', NULL, 642089, '2021-01-19', NULL, 'facturée', NULL, 52),
(261, '2020-04-12', '69, place Claude Gilles', 'boulevard Bertrand Marques', NULL, 229179, '2021-01-08', NULL, 'facturée', NULL, 53),
(262, '2020-04-25', '26, impasse Daniel Julien', '40, chemin Véronique Didier', NULL, 5855, '2021-01-18', NULL, 'facturée', NULL, 53),
(263, '2020-04-11', '65, chemin Martin Pasquier', '93, rue Navarro', NULL, 959594, '2021-01-25', NULL, 'facturée', NULL, 53),
(264, '2020-09-02', '6, avenue Noël Pascal', '6, avenue Gay', NULL, 389453, '2021-01-07', NULL, 'facturée', NULL, 53),
(265, '2020-06-23', '63, chemin Gaudin', '98, rue de Leduc', NULL, 990250, '2021-01-30', NULL, 'facturée', NULL, 53),
(266, '2020-02-24', '2, avenue Etienne', '17, rue Rossi', NULL, 726440, '2021-01-19', NULL, 'facturée', NULL, 54),
(267, '2021-02-02', 'avenue Frédérique Neveu', '43, chemin Margot Costa', NULL, 84223, '2021-01-25', NULL, 'facturée', NULL, 54),
(268, '2020-02-22', '477, place Benoit', '1, rue Mallet', NULL, 913603, '2021-01-13', NULL, 'facturée', NULL, 54),
(269, '2020-03-15', '72, rue de Lebrun', '92, rue Joséphine Renaud', NULL, 973682, '2021-01-07', NULL, 'facturée', NULL, 54),
(270, '2020-06-01', '96, rue Hubert', '70, impasse Jacob', NULL, 372388, '2021-01-09', NULL, 'facturée', NULL, 54),
(271, '2020-03-14', '260, chemin Nguyen', '234, place Clement', NULL, 702405, '2021-01-19', NULL, 'facturée', NULL, 55),
(272, '2020-10-26', '9, chemin Fernandes', '53, rue William Courtois', NULL, 592905, '2021-01-10', NULL, 'facturée', NULL, 55),
(273, '2020-12-27', '89, boulevard Gautier', '33, chemin Paul Leleu', NULL, 763406, '2021-01-03', NULL, 'facturée', NULL, 55),
(274, '2020-03-23', '98, avenue Marechal', '65, rue de Jacques', NULL, 605993, '2021-01-09', NULL, 'facturée', NULL, 55),
(275, '2020-02-04', '36, place Paul Dumas', '81, place de Baron', NULL, 837633, '2021-01-21', NULL, 'facturée', NULL, 55),
(276, '2020-04-20', '626, place Reynaud', '712, avenue Émile Gomez', NULL, 629757, '2021-01-25', NULL, 'facturée', NULL, 56),
(277, '2020-12-19', '94, impasse Suzanne Girard', '56, rue de Mathieu', NULL, 802274, '2021-01-12', NULL, 'facturée', NULL, 56),
(278, '2020-06-22', 'boulevard Techer', '91, rue de Delaunay', NULL, 805366, '2021-01-18', NULL, 'facturée', NULL, 56),
(279, '2020-06-09', 'boulevard Tristan Richard', '855, place Sébastien Olivier', NULL, 584896, '2021-01-06', NULL, 'facturée', NULL, 56),
(280, '2021-01-24', '47, impasse de Blanc', '79, boulevard Leveque', NULL, 290832, '2021-01-21', NULL, 'facturée', NULL, 56),
(281, '2020-05-17', '8, boulevard Thibault Bonneau', 'rue Nathalie Royer', NULL, 62422, '2021-01-06', NULL, 'facturée', NULL, 57),
(282, '2020-08-23', '8, impasse Parent', '3, rue de Boyer', NULL, 646931, '2021-01-02', NULL, 'facturée', NULL, 57),
(283, '2021-01-20', '614, impasse de Faure', '55, boulevard Gomez', NULL, 804118, '2021-01-14', NULL, 'facturée', NULL, 57),
(284, '2020-02-05', '5, impasse Virginie Robin', '70, impasse de Carlier', NULL, 457497, '2021-01-17', NULL, 'facturée', NULL, 57),
(285, '2020-10-25', '57, rue de Vidal', '79, boulevard de Couturier', NULL, 54160, '2021-01-18', NULL, 'facturée', NULL, 57),
(286, '2021-01-10', '75, rue David', '24, rue de Monnier', NULL, 433607, '2021-01-17', NULL, 'facturée', NULL, 58),
(287, '2020-07-19', '84, boulevard Thérèse Weiss', '347, impasse Georges Vasseur', NULL, 879943, '2021-01-03', NULL, 'facturée', NULL, 58),
(288, '2020-04-06', '694, chemin Pasquier', '98, impasse de Vaillant', NULL, 665808, '2021-01-24', NULL, 'facturée', NULL, 58),
(289, '2020-08-12', '82, rue de Ferreira', 'impasse Guerin', NULL, 748227, '2021-01-16', NULL, 'facturée', NULL, 58),
(290, '2020-09-27', '46, rue de Germain', 'chemin de Legrand', NULL, 513460, '2021-01-18', NULL, 'facturée', NULL, 58),
(291, '2020-05-26', '51, chemin Margot Martel', '505, impasse de Deschamps', NULL, 724518, '2021-01-17', NULL, 'facturée', NULL, 59),
(292, '2020-12-21', '64, place de Faivre', '22, rue Humbert', NULL, 328022, '2021-01-26', NULL, 'facturée', NULL, 59),
(293, '2020-12-25', '61, rue Raymond Perrier', '66, rue Etienne', NULL, 607672, '2021-01-05', NULL, 'facturée', NULL, 59),
(294, '2020-11-14', '914, rue Normand', '802, place Margaux Dos Santos', NULL, 41333, '2021-01-22', NULL, 'facturée', NULL, 59),
(295, '2020-05-01', '25, impasse Henri Martin', 'chemin de Monnier', NULL, 819787, '2021-01-30', NULL, 'facturée', NULL, 59),
(296, '2021-01-26', '5, rue Maggie Guichard', '9, rue Constance Bruneau', NULL, 421548, '2021-01-12', NULL, 'facturée', NULL, 60),
(297, '2020-09-11', '23, boulevard Denis', '30, avenue de Gregoire', NULL, 600950, '2021-01-25', NULL, 'facturée', NULL, 60),
(298, '2021-01-01', '675, chemin de Cousin', '938, place de Ollivier', NULL, 505169, '2021-01-13', NULL, 'facturée', NULL, 60),
(299, '2020-08-26', 'rue Stéphane Maury', '650, impasse Masse', NULL, 338731, '2021-01-08', NULL, 'facturée', NULL, 60),
(300, '2020-05-03', '16, rue Fabre', '624, rue de Perez', NULL, 832516, '2021-01-30', NULL, 'facturée', NULL, 60),
(301, '2020-05-12', '1, rue Auguste Moreau', '50, impasse Suzanne Guibert', NULL, 110714, '2021-01-21', NULL, 'facturée', NULL, 61),
(302, '2020-11-09', '91, chemin Christiane Raymond', 'rue Andre', NULL, 33567, '2021-01-16', NULL, 'facturée', NULL, 61),
(303, '2020-04-08', 'rue Sophie Faure', '6, avenue Julien Antoine', NULL, 935994, '2021-01-31', NULL, 'facturée', NULL, 61),
(304, '2020-11-15', '2, rue de Delahaye', '2, chemin Édouard Brunel', NULL, 686125, '2021-01-27', NULL, 'facturée', NULL, 61),
(305, '2020-10-28', '25, place Dumas', '32, impasse Albert', NULL, 600168, '2021-01-22', NULL, 'facturée', NULL, 61),
(306, '2020-03-04', 'avenue Baudry', '5, boulevard André Guyon', NULL, 746498, '2021-01-10', NULL, 'facturée', NULL, 62),
(307, '2020-04-18', '32, boulevard Xavier Legrand', '90, rue Renée Martel', NULL, 747686, '2021-01-24', NULL, 'facturée', NULL, 62),
(308, '2020-08-27', '4, impasse Lucas Legendre', '802, chemin Charles Martinez', NULL, 423592, '2021-01-17', NULL, 'facturée', NULL, 62),
(309, '2020-11-09', '97, place Leleu', '66, place Fabre', NULL, 646579, '2021-01-10', NULL, 'facturée', NULL, 62),
(310, '2020-03-09', '238, avenue de De Sousa', '54, avenue de Chevalier', NULL, 640358, '2021-01-05', NULL, 'facturée', NULL, 62),
(311, '2020-02-10', '16, boulevard Roger', 'impasse Chauveau', NULL, 12543, '2021-01-27', NULL, 'facturée', NULL, 63),
(312, '2020-09-14', '93, rue Fischer', '54, rue Joséphine Sanchez', NULL, 365344, '2021-01-27', NULL, 'facturée', NULL, 63),
(313, '2020-05-01', '11, impasse Vaillant', '33, place de Torres', NULL, 176267, '2021-01-04', NULL, 'facturée', NULL, 63),
(314, '2020-04-06', '30, rue de Morel', '97, impasse de Boutin', NULL, 506515, '2021-01-16', NULL, 'facturée', NULL, 63),
(315, '2020-11-24', '26, impasse Alfred Vaillant', '22, avenue Michel Lombard', NULL, 700029, '2021-01-24', NULL, 'facturée', NULL, 63),
(316, '2020-03-17', '94, chemin Pauline Herve', '82, place de Simon', NULL, 259601, '2021-01-28', NULL, 'facturée', NULL, 64),
(317, '2020-09-07', '42, avenue Louise Gaillard', '56, rue Antoine', NULL, 713726, '2021-01-24', NULL, 'facturée', NULL, 64),
(318, '2020-12-06', 'boulevard de Gaillard', '119, boulevard de Hamon', NULL, 359690, '2021-01-27', NULL, 'facturée', NULL, 64),
(319, '2020-07-07', '66, boulevard de Barre', '8, boulevard Michelle Michel', NULL, 69274, '2021-01-21', NULL, 'facturée', NULL, 64),
(320, '2020-09-07', 'boulevard de Besnard', '673, place Dupuis', NULL, 371841, '2021-01-24', NULL, 'facturée', NULL, 64),
(321, '2020-06-03', '669, avenue de Peron', 'place Diane Valentin', NULL, 429485, '2021-01-24', NULL, 'facturée', NULL, 65),
(322, '2020-09-08', '73, boulevard de Loiseau', '14, place Chauveau', NULL, 242953, '2021-01-09', NULL, 'facturée', NULL, 65),
(323, '2021-01-06', '62, chemin Wagner', '45, rue Besson', NULL, 852926, '2021-01-11', NULL, 'facturée', NULL, 65),
(324, '2020-09-01', '10, avenue Camille Gauthier', '844, place de Launay', NULL, 646775, '2021-01-20', NULL, 'facturée', NULL, 65),
(325, '2020-05-18', '34, rue Michaud', '33, rue Navarro', NULL, 282185, '2021-01-24', NULL, 'facturée', NULL, 65),
(326, '2020-04-25', '2, rue de Traore', '9, avenue Jourdan', NULL, 353711, '2021-01-20', NULL, 'facturée', NULL, 66),
(327, '2021-01-05', 'boulevard Astrid Dumas', '7, place Suzanne Bernier', NULL, 32139, '2021-01-27', NULL, 'facturée', NULL, 66),
(328, '2020-07-22', '447, rue Mary', '74, rue de Bazin', NULL, 792914, '2021-01-07', NULL, 'facturée', NULL, 66),
(329, '2020-06-24', '5, rue de Rey', '68, rue Perrier', NULL, 196381, '2021-01-21', NULL, 'facturée', NULL, 66),
(330, '2020-05-07', '18, rue de Bouvet', '47, avenue de Brunel', NULL, 367522, '2021-01-24', NULL, 'facturée', NULL, 66),
(331, '2020-11-23', '23, chemin Alves', '84, rue Turpin', NULL, 391845, '2021-01-12', NULL, 'facturée', NULL, 67),
(332, '2020-05-12', 'rue Hubert', '32, boulevard Nath Fischer', NULL, 156387, '2021-01-04', NULL, 'facturée', NULL, 67),
(333, '2020-02-11', '943, chemin de Foucher', 'rue Fournier', NULL, 876106, '2021-01-07', NULL, 'facturée', NULL, 67),
(334, '2021-01-23', '61, avenue de Barre', '89, place de Diaz', NULL, 603305, '2021-01-03', NULL, 'facturée', NULL, 67),
(335, '2020-02-12', '3, place de Roussel', '55, boulevard Franck Moreau', NULL, 262185, '2021-01-12', NULL, 'facturée', NULL, 67),
(336, '2020-08-09', '84, avenue Benard', '74, rue Julien Charrier', NULL, 445928, '2021-01-18', NULL, 'facturée', NULL, 68),
(337, '2020-11-29', 'impasse de Masson', '3, chemin Leleu', NULL, 354164, '2021-01-02', NULL, 'facturée', NULL, 68),
(338, '2020-02-14', 'chemin Gautier', '97, avenue Laporte', NULL, 650275, '2021-01-06', NULL, 'facturée', NULL, 68),
(339, '2020-08-31', '723, rue de Martineau', '55, impasse Perez', NULL, 930636, '2021-01-17', NULL, 'facturée', NULL, 68),
(340, '2020-10-22', 'avenue Vincent Turpin', 'place Francois', NULL, 203461, '2021-01-11', NULL, 'facturée', NULL, 68),
(341, '2020-10-01', '65, rue de Duhamel', '57, avenue Thierry Martineau', NULL, 251623, '2021-01-08', NULL, 'facturée', NULL, 69),
(342, '2020-04-01', '3, impasse Maillard', '9, place Durand', NULL, 190745, '2021-01-19', NULL, 'facturée', NULL, 69),
(343, '2020-10-31', '11, chemin de Roussel', '32, avenue de Poirier', NULL, 219939, '2021-02-01', NULL, 'facturée', NULL, 69),
(344, '2020-09-20', '82, boulevard Alix Boyer', '1, avenue Charrier', NULL, 770934, '2021-01-13', NULL, 'facturée', NULL, 69),
(345, '2020-07-23', '13, chemin Bertrand', '59, chemin Émile Techer', NULL, 619188, '2021-01-16', NULL, 'facturée', NULL, 69),
(346, '2020-05-30', '5, boulevard Isabelle Courtois', '64, boulevard Olivier', NULL, 617261, '2021-01-15', NULL, 'facturée', NULL, 70),
(347, '2020-08-25', '549, impasse Herve', '77, rue Giraud', NULL, 495137, '2021-01-18', NULL, 'facturée', NULL, 70),
(348, '2020-02-11', 'chemin Julien Valette', '73, rue Pages', NULL, 560105, '2021-01-17', NULL, 'facturée', NULL, 70),
(349, '2020-07-18', '44, boulevard Margaret Clement', '7, rue Moulin', NULL, 813221, '2021-01-27', NULL, 'facturée', NULL, 70),
(350, '2020-11-10', '324, impasse de Clement', '14, rue Colas', NULL, 491222, '2021-01-08', NULL, 'facturée', NULL, 70),
(351, '2020-03-10', '41, rue Thibault', 'impasse Colette Perret', NULL, 116466, '2021-01-10', NULL, 'facturée', NULL, 71),
(352, '2020-06-12', '71, rue Duval', '669, chemin Auguste Lesage', NULL, 662062, '2021-01-06', NULL, 'facturée', NULL, 71),
(353, '2020-11-05', '7, chemin de Lamy', '31, avenue Fabre', NULL, 77, '2021-02-02', NULL, 'facturée', NULL, 71),
(354, '2020-03-29', 'rue Bernard Dumont', '84, impasse Franck Jourdan', NULL, 907417, '2021-01-31', NULL, 'facturée', NULL, 71),
(355, '2020-03-28', '9, boulevard de Thibault', '74, rue de Diaz', NULL, 338649, '2021-01-18', NULL, 'facturée', NULL, 71),
(356, '2020-03-10', '274, avenue de Marie', '39, place Juliette Blanchet', NULL, 908488, '2021-01-19', NULL, 'facturée', NULL, 72),
(357, '2020-10-02', '388, chemin Moreau', '648, place de Marchal', NULL, 296345, '2021-02-01', NULL, 'facturée', NULL, 72),
(358, '2020-10-11', '4, impasse Alex Rousseau', '12, boulevard de Guyon', NULL, 869625, '2021-01-18', NULL, 'facturée', NULL, 72),
(359, '2020-05-24', '27, place de Leconte', '9, rue Guyon', NULL, 192978, '2021-01-03', NULL, 'facturée', NULL, 72),
(360, '2020-06-27', '13, impasse de Riviere', 'chemin Dumont', NULL, 104446, '2021-01-26', NULL, 'facturée', NULL, 72),
(361, '2020-09-08', 'place de Gerard', '339, avenue Hebert', NULL, 671078, '2021-01-04', NULL, 'facturée', NULL, 73),
(362, '2020-07-17', '663, impasse de Prevost', '20, rue Normand', NULL, 449962, '2021-01-23', NULL, 'facturée', NULL, 73),
(363, '2020-02-16', 'chemin de Dubois', '796, rue Levy', NULL, 498160, '2021-01-02', NULL, 'facturée', NULL, 74),
(364, '2020-10-01', '6, place Carpentier', '17, impasse de Guillaume', NULL, 893116, '2021-01-15', NULL, 'facturée', NULL, 74),
(365, '2020-10-28', '48, rue Guerin', '62, avenue Gilles Lebrun', NULL, 635049, '2021-01-05', NULL, 'facturée', NULL, 75),
(366, '2020-11-10', '800, rue Marthe Bertin', '169, impasse Renaud', NULL, 112112, '2021-01-02', NULL, 'facturée', NULL, 75),
(367, '2020-08-18', 'avenue Eugène Dubois', '7, rue de Joly', NULL, 196280, '2021-01-18', NULL, 'facturée', NULL, 76),
(368, '2020-03-14', 'avenue de Pruvost', '83, impasse Gilles Lesage', NULL, 322842, '2021-01-11', NULL, 'facturée', NULL, 76),
(369, '2020-05-19', '77, boulevard Lecomte', '32, rue Henri Aubry', NULL, 101399, '2021-01-29', NULL, 'facturée', NULL, 77),
(370, '2020-08-25', '43, boulevard de Giraud', '291, boulevard Claudine Carpentier', NULL, 148966, '2021-01-20', NULL, 'facturée', NULL, 77),
(371, '2020-08-19', '52, rue Nicolas Pichon', '8, boulevard de Pages', NULL, 55703, '2021-01-07', NULL, 'facturée', NULL, 78),
(372, '2020-09-03', '30, rue Vincent Ollivier', 'impasse de Besnard', NULL, 743879, '2021-01-18', NULL, 'facturée', NULL, 78),
(373, '2020-02-27', '20, impasse Adélaïde Tanguy', '249, chemin François Le Goff', NULL, 275280, '2021-01-16', NULL, 'facturée', NULL, 79),
(374, '2020-03-01', '34, avenue Anouk Hoareau', '68, impasse Clerc', NULL, 230502, '2021-01-24', NULL, 'facturée', NULL, 79),
(375, '2020-09-15', '923, rue Mercier', '21, rue Pereira', NULL, 961326, '2021-01-24', NULL, 'facturée', NULL, 80),
(376, '2020-04-05', 'boulevard Patrick Joubert', 'impasse de Leduc', NULL, 526779, '2021-01-23', NULL, 'facturée', NULL, 80),
(377, '2020-02-04', '1, place de Bruneau', '193, place de Martinez', NULL, 522289, '2021-01-10', NULL, 'facturée', NULL, 81),
(378, '2020-08-06', '87, impasse Augustin Joly', 'rue de Pons', NULL, 240599, '2021-01-03', NULL, 'facturée', NULL, 81),
(379, '2021-01-29', '82, impasse Faivre', '58, impasse Leclerc', NULL, 224136, '2021-01-18', NULL, 'facturée', NULL, 82),
(380, '2020-12-17', '72, place Renaud', '147, chemin de Sauvage', NULL, 157272, '2021-01-06', NULL, 'facturée', NULL, 82),
(381, '2020-06-25', '26, boulevard Picard', '89, rue de Delattre', NULL, 128380, '2021-01-22', NULL, 'facturée', NULL, 83),
(382, '2020-04-26', 'rue Christophe De Oliveira', '34, rue Loiseau', NULL, 755792, '2021-01-13', NULL, 'facturée', NULL, 83),
(383, '2020-12-24', '75, place de Potier', '27, rue Noël Gomes', NULL, 194611, '2021-01-05', NULL, 'facturée', NULL, 84),
(384, '2020-07-20', '72, chemin Lopez', '74, rue Philippe', NULL, 605960, '2021-01-15', NULL, 'facturée', NULL, 84),
(385, '2020-07-04', '86, boulevard Allain', '68, impasse de Lebrun', NULL, 946979, '2021-01-05', NULL, 'facturée', NULL, 85),
(386, '2020-04-27', '57, rue Charles Leger', 'impasse Gérard Gautier', NULL, 177667, '2021-01-19', NULL, 'facturée', NULL, 85),
(387, '2021-01-23', '36, place Brun', 'rue Adrienne Barthelemy', NULL, 78688, '2021-01-21', NULL, 'facturée', NULL, 86),
(388, '2020-02-13', '39, boulevard de Klein', '43, boulevard de Carlier', NULL, 277397, '2021-01-19', NULL, 'facturée', NULL, 86),
(389, '2020-03-20', '24, boulevard Théodore Meyer', 'impasse Lopez', NULL, 822631, '2021-01-12', NULL, 'facturée', NULL, 87),
(390, '2020-09-04', '54, avenue François Bouvet', '83, rue de Besnard', NULL, 313044, '2021-01-07', NULL, 'facturée', NULL, 87),
(391, '2020-08-24', '92, place Olivier Didier', '95, rue de Blot', NULL, 423026, '2021-01-11', NULL, 'facturée', NULL, 88),
(392, '2020-09-16', '31, rue Yves Rousset', '83, place Roger Bouvet', NULL, 541126, '2021-01-11', NULL, 'facturée', NULL, 88),
(393, '2020-07-10', 'place de Gonzalez', '87, avenue Aimé Dupre', NULL, 191623, '2021-02-01', NULL, 'facturée', NULL, 89),
(394, '2020-08-06', 'rue Fischer', '229, rue Hoarau', NULL, 428441, '2021-01-25', NULL, 'facturée', NULL, 89),
(395, '2020-09-25', '28, impasse de Lenoir', '96, boulevard Robin', NULL, 818119, '2021-01-26', NULL, 'facturée', NULL, 90),
(396, '2020-11-19', 'rue de Girard', '992, boulevard Bodin', NULL, 827756, '2021-01-14', NULL, 'facturée', NULL, 90),
(397, '2020-09-04', 'rue Valentine Prevost', '45, boulevard Rodriguez', NULL, 885744, '2021-01-26', NULL, 'facturée', NULL, 91),
(398, '2020-05-27', '35, rue Riviere', '39, chemin de Fouquet', NULL, 107668, '2021-01-12', NULL, 'facturée', NULL, 91),
(399, '2020-08-08', 'rue de Lopez', '99, avenue Victor Bernier', NULL, 194354, '2021-01-04', NULL, 'facturée', NULL, 92),
(400, '2020-05-03', 'rue de Dumont', '54, chemin Garcia', NULL, 980391, '2021-01-08', NULL, 'facturée', NULL, 92),
(401, '2020-10-07', '2, boulevard Lorraine Dijoux', '83, avenue de Guibert', NULL, 569935, '2021-01-11', NULL, 'facturée', NULL, 93),
(402, '2020-06-20', '523, impasse Maillet', '94, rue Sanchez', NULL, 901227, '2021-02-01', NULL, 'facturée', NULL, 93),
(403, '2020-08-29', 'rue Lamy', 'rue Marcelle Andre', NULL, 989356, '2021-01-19', NULL, 'facturée', NULL, 94),
(404, '2020-10-11', '876, rue de Olivier', '574, rue de Labbe', NULL, 699970, '2021-01-13', NULL, 'facturée', NULL, 94),
(405, '2020-08-17', '98, rue de De Sousa', 'impasse William Guillon', NULL, 85091, '2021-01-24', NULL, 'facturée', NULL, 95),
(406, '2020-02-20', '18, place Duval', '68, avenue Michelle Techer', NULL, 513805, '2021-01-31', NULL, 'facturée', NULL, 95);
INSERT INTO `totalorder` (`id`, `totalorder_date`, `totalorder_billaddress`, `totalorder_deliveryaddress`, `totalorder_discount`, `totalorder_invoicenb`, `totalorder_invoicedate`, `totalorder_deadline`, `status`, `updated_at`, `customers_id`) VALUES
(407, '2021-01-23', 'rue de Lemaitre', '370, rue Gilles', NULL, 419418, '2021-01-24', NULL, 'facturée', NULL, 96),
(408, '2021-01-19', '73, rue de Carpentier', '993, avenue de Reynaud', NULL, 288310, '2021-01-22', NULL, 'facturée', NULL, 96),
(409, '2020-12-26', '94, rue Roche', '73, impasse de Berger', NULL, 908639, '2021-02-02', NULL, 'facturée', NULL, 97),
(410, '2020-04-23', '64, impasse Susan Gosselin', '18, chemin de Julien', NULL, 573207, '2021-01-25', NULL, 'facturée', NULL, 97),
(411, '2020-05-01', '758, place Luc Noel', '89, chemin Stéphanie Colas', NULL, 879467, '2021-01-24', NULL, 'facturée', NULL, 98),
(412, '2020-05-10', '58, impasse Danielle Chauvin', '655, impasse François Albert', NULL, 307099, '2021-01-21', NULL, 'facturée', NULL, 98),
(413, '2020-07-26', 'impasse de Guyot', 'rue Margaret Blanc', NULL, 955896, '2021-01-07', NULL, 'facturée', NULL, 99),
(414, '2020-10-05', '92, rue Martel', '94, rue Rolland', NULL, 85897, '2021-01-17', NULL, 'facturée', NULL, 99),
(415, '2020-03-29', 'boulevard de Benard', 'impasse Joubert', NULL, 85828, '2021-01-05', NULL, 'facturée', NULL, 100),
(416, '2020-11-30', '65, boulevard Georges Gomez', '45, rue de Guyot', NULL, 887491, '2021-01-02', NULL, 'facturée', NULL, 100),
(417, '2020-12-02', '4, boulevard Dias', '4, impasse Bousquet', NULL, 63376, '2021-01-12', NULL, 'facturée', NULL, 101),
(418, '2020-11-04', '850, impasse Hortense David', 'place Antoine Carre', NULL, 508564, '2021-01-24', NULL, 'facturée', NULL, 101),
(419, '2020-12-17', '71, rue Maillet', '1, rue de Legros', NULL, 86224, '2021-01-06', NULL, 'facturée', NULL, 102),
(420, '2021-01-09', '91, chemin Julien Michel', '80, impasse de Gilles', NULL, 755460, '2021-01-05', NULL, 'facturée', NULL, 102),
(422, '2021-02-22', NULL, NULL, NULL, NULL, NULL, NULL, 'cart', '2021-02-23', NULL),
(424, '2021-03-02', NULL, NULL, NULL, NULL, NULL, NULL, 'cart', '2021-03-02', NULL),
(425, '2021-03-02', NULL, NULL, NULL, NULL, NULL, NULL, 'cart', '2021-03-02', NULL),
(426, '2021-03-03', NULL, NULL, NULL, NULL, NULL, NULL, 'cart', '2021-03-03', NULL),
(427, '2021-03-04', NULL, NULL, NULL, NULL, NULL, NULL, 'cart', '2021-03-04', NULL);

-- --------------------------------------------------------

--
-- Structure de la table `user`
--

DROP TABLE IF EXISTS `user`;
CREATE TABLE IF NOT EXISTS `user` (
  `id` int(11) NOT NULL AUTO_INCREMENT,
  `email` varchar(255) COLLATE utf8mb4_unicode_ci NOT NULL,
  `password` varchar(255) COLLATE utf8mb4_unicode_ci NOT NULL,
  `is_active` tinyint(1) NOT NULL,
  `role` varchar(255) COLLATE utf8mb4_unicode_ci NOT NULL,
  `roles` json NOT NULL,
  `lastname` varchar(100) COLLATE utf8mb4_unicode_ci DEFAULT NULL,
  `firstname` varchar(100) COLLATE utf8mb4_unicode_ci DEFAULT NULL,
  `customer_id` int(11) DEFAULT NULL,
  PRIMARY KEY (`id`),
  UNIQUE KEY `UNIQ_8D93D649E7927C74` (`email`),
  UNIQUE KEY `UNIQ_8D93D6499395C3F3` (`customer_id`)
) ENGINE=InnoDB AUTO_INCREMENT=19 DEFAULT CHARSET=utf8mb4 COLLATE=utf8mb4_unicode_ci;

--
-- Déchargement des données de la table `user`
--

INSERT INTO `user` (`id`, `email`, `password`, `is_active`, `role`, `roles`, `lastname`, `firstname`, `customer_id`) VALUES
(1, 'mdptesttest@test.com', '$argon2id$v=19$m=65536,t=4,p=1$OTdUR3dOTEJDRkd6ZDVnaw$MyrfJLG2exCZAXJUGHgFGmsXVBkUhmZ6Wleg46MEvj0', 1, 'client', '[\"ROLE_USER\"]', 'Blondel-Pons', 'Émilie', 1),
(2, 'mdpencoretest@test.com', '$argon2id$v=19$m=65536,t=4,p=1$dmJyV3FCcE1aWUVGOTFLMA$cmvnhRIRCgMJFNDaTOv9HDqOaznF1eVed6BegkLB8y4', 1, 'client', '[\"ROLE_USER\"]', 'Test2', 'Test10', 2),
(3, 'mdptotototo@yahoo.com', '$argon2id$v=19$m=65536,t=4,p=1$cnJkUlRQbEE2M3JrVC5PWA$giE5u/99nHWEUtvSunxvEdqeSZdTeo+3eyXP2g12sKY', 1, 'client', '[\"ROLE_USER\"]', 'Test3', 'Test11', 3),
(4, 'mdpautretest@test.com', '$argon2id$v=19$m=65536,t=4,p=1$eGtvUVJ4TVV1MUlRY285cg$+dx9aCC6qLG+KunETkBC9RnkD3yKctSjADFjsB3d0Xg', 1, 'client', '[\"ROLE_USER\"]', 'Test4', 'Test12', 4),
(5, 'mdptitititi@titi.com', '$argon2id$v=19$m=65536,t=4,p=1$SXZjakJ3dXI2RnhFSWlNbQ$jXiS+W7dQBRYWVaZr55oCS6jg6EDRg2bS8yiddBQJQ4', 1, 'administrateur', '[\"ROLE_ADMIN\"]', 'Test5', 'Test13', NULL),
(6, 'mdpnouveautest@test.com', '$argon2id$v=19$m=65536,t=4,p=1$THNMRVFUMG8wa3RGeEs0Lw$5pY6rw1KxcVydp9DEDnx/XiYKS2fcn7QlLby5qsrzdw', 1, 'client', '[\"ROLE_USER\"]', 'Test6', 'Test14', 6),
(7, 'mdppourquoipas@test.com', '$argon2id$v=19$m=65536,t=4,p=1$cFNQRjFxL05VUlgwL2Zmcw$S3P6clsVH0BOrnUW9Uoii8TsJG5PdVPmBM4W0BzMbP0', 1, 'client', '[\"ROLE_USER\"]', 'Test7', 'Test15', 7),
(8, 'mdpalorscayest@test.com', '$argon2id$v=19$m=65536,t=4,p=1$NTFiNU9GUU9Rc3YxU3B3dg$bnbBFYHBh3/ECHkYCA9Z+w26lxDWmpKPjpiFjFVPsoU', 1, 'client', '[\"ROLE_USER\"]', 'Test8', 'Test16', 8),
(9, 'linabengrine@gmail.com', '$argon2id$v=19$m=65536,t=4,p=1$aGdvMVVSbFRKbHJqVDE0dg$4mFSipyngsxUL9AAz0jqcLo8QA8Swqw4RUurq1Ykd18', 1, 'client', '[\"ROLE_USER\"]', 'Bengrine', 'Lina', 105),
(10, 'mdpnouveau@test.com', '$argon2id$v=19$m=65536,t=4,p=1$cFNtUXQyQzQ4RlRWZjNrSQ$flrbKtHAjCOQH7gjTxCSIiH9kf8EcSr7s6V6P/UKfJ4', 1, 'client', '[\"ROLE_USER\"]', NULL, NULL, 106),
(11, 'ibengrine@yahoo.com', '$argon2id$v=19$m=65536,t=4,p=1$cDFHb3d4MWJLUzJSdmY2Yg$KaY4RXTZnwXvcKJfhqGdDG3laJdWW5l8cSJdnRqJfH0', 1, 'client', '[\"ROLE_USER\"]', NULL, NULL, NULL),
(12, 'truc@yahoo.com', '$argon2id$v=19$m=65536,t=4,p=1$dml6bEt5U3NmdEttTFRneQ$GtfkUniWjPhp6hb+rnQrrK+51FMOMGppGcsUOmYn4bE', 1, 'client', '[\"ROLE_USER\"]', NULL, NULL, NULL),
(13, 'test@symfony.com', '$argon2id$v=19$m=65536,t=4,p=1$aGdnZ01GcExkVHVNNVdDZg$HU9XwmOpdCXovGPfQ7PDsZ0brcP9j+0spImIUnDxYNI', 1, 'client', '[\"ROLE_USER\"]', NULL, NULL, NULL),
(14, 'test2@sy.com', '$argon2id$v=19$m=65536,t=4,p=1$RkpkT2swYUMzaDQ0bUVocA$/DqAvt8epk4mjnuthoR3mQ4IUW57qiVDN6YdhZxxE6w', 1, 'client', '[\"ROLE_USER\"]', NULL, NULL, NULL),
(15, 'test3@sym.com', '$argon2id$v=19$m=65536,t=4,p=1$d003SVNJRi8uajB1d05LdQ$urwNfKJ7NDOB7O6iWh7FiQRNKHX6elp6JyclQZ1ak60', 1, 'client', '[\"ROLE_USER\"]', NULL, NULL, NULL),
(16, 'trterz@truc.com', '$argon2id$v=19$m=65536,t=4,p=1$TkhvakRyLzd2MTdkYVBpbg$q2J0hBlkFe46W8nsRhYHpEawZKOh3oCpGG1KEpSsu6A', 1, 'client', '[\"ROLE_USER\"]', NULL, NULL, NULL),
(17, 'encoretest@yahoo.com', '$argon2id$v=19$m=65536,t=4,p=1$MS8uRnNHZUQwSGVoUlNtaA$Wmysn1UoB1gMcLMDqvFj0QHMtq4RoYe+H8b3OqtCWQ4', 1, 'client', '[\"ROLE_USER\"]', 'Potelle', 'Caroline', 108),
(18, 'bibi@yahoo.com', '$argon2id$v=19$m=65536,t=4,p=1$dzVaVjFPSmJGQTd1eFFpdg$gsO3nBQ12Wq8uLBA6lRzf+NCFXuvDXIjETKp22D3cDI', 1, 'client', '[\"ROLE_USER\"]', NULL, NULL, 107);

--
-- Contraintes pour les tables déchargées
--

--
-- Contraintes pour la table `customers`
--
ALTER TABLE `customers`
  ADD CONSTRAINT `FK_62534E215E418E53` FOREIGN KEY (`categorietva_id`) REFERENCES `categorietva` (`id`),
  ADD CONSTRAINT `FK_62534E219749932E` FOREIGN KEY (`employee_id`) REFERENCES `employee` (`id`);

--
-- Contraintes pour la table `delivery`
--
ALTER TABLE `delivery`
  ADD CONSTRAINT `FK_3781EC1047BB9876` FOREIGN KEY (`orderdetail_id`) REFERENCES `orderdetail` (`id`),
  ADD CONSTRAINT `FK_3781EC104CA4FD72` FOREIGN KEY (`customers_id`) REFERENCES `customers` (`id`);

--
-- Contraintes pour la table `orderdetail`
--
ALTER TABLE `orderdetail`
  ADD CONSTRAINT `FK_27A0E7F26BF977FF` FOREIGN KEY (`totalorder_id`) REFERENCES `totalorder` (`id`),
  ADD CONSTRAINT `FK_27A0E7F29F1D6087` FOREIGN KEY (`products_id`) REFERENCES `products` (`id`);

--
-- Contraintes pour la table `products`
--
ALTER TABLE `products`
  ADD CONSTRAINT `FK_B3BA5A5AACEC0FEF` FOREIGN KEY (`rubrique_id`) REFERENCES `rubrique` (`id`);

--
-- Contraintes pour la table `purchases`
--
ALTER TABLE `purchases`
  ADD CONSTRAINT `FK_AA6431FE2603F3F7` FOREIGN KEY (`suppliers_id`) REFERENCES `suppliers` (`id`),
  ADD CONSTRAINT `FK_AA6431FE9F1D6087` FOREIGN KEY (`products_id`) REFERENCES `products` (`id`);

--
-- Contraintes pour la table `rubrique`
--
ALTER TABLE `rubrique`
  ADD CONSTRAINT `FK_8FA4097C727ACA70` FOREIGN KEY (`parent_id`) REFERENCES `rubrique` (`id`);

--
-- Contraintes pour la table `suppliers`
--
ALTER TABLE `suppliers`
  ADD CONSTRAINT `FK_AC28B95CEAF08F95` FOREIGN KEY (`supplierstype_id`) REFERENCES `supplierstype` (`id`);

--
-- Contraintes pour la table `totalorder`
--
ALTER TABLE `totalorder`
  ADD CONSTRAINT `FK_D614707E4CA4FD72` FOREIGN KEY (`customers_id`) REFERENCES `customers` (`id`);

--
-- Contraintes pour la table `user`
--
ALTER TABLE `user`
  ADD CONSTRAINT `FK_8D93D6499395C3F3` FOREIGN KEY (`customer_id`) REFERENCES `customers` (`id`);
COMMIT;

/*!40101 SET CHARACTER_SET_CLIENT=@OLD_CHARACTER_SET_CLIENT */;
/*!40101 SET CHARACTER_SET_RESULTS=@OLD_CHARACTER_SET_RESULTS */;
/*!40101 SET COLLATION_CONNECTION=@OLD_COLLATION_CONNECTION */;
